MoneyRaised,AmountPledged,FAQcount,UpdateCount,ofImages,ofVideos,ofDescText,backersMaxRewards,backedProjects,createdProjects,websiteLinked,collaborator,accountVerified,facebookConnected,facebookFriends,countCreator,noOfRewards,pledgeDescLength,pledge_ColemanLiau,RaisedAndPledgedRatio,followers_count,friends_count,public_list_count,tweets_count,likes_count,positivePercentage,negativePercentage,X.positive,New Backers,Returning Backers,Backers,rating
15570.0,4000.0,0.0,29.0,1.0,1.0,492.0,82.0,278.0,7.0,3.0,1.0,0.0,0.0,0.0,33.0,3.0,121.0,9.92,3.89,27090.9858156028,1690.8857142857,298.5035971223,3940.9858156028004,4399.6086956521995,27090.9858156028,25.217391304299998,29.0,436.0,322.0,758.0,1.0
883460.0,35000.0,18.0,23.0,31.0,1.0,592.0,9.0,9.0,1.0,4.0,3.0,1.0,0.0,0.0,202.0,7.0,331.0,8.09,25.24,1672.0,1641.0,53.0,3850.0,1041.0,1672.0,29.4368600683,345.0,124.0,7895.0,8019.0,1.0
183497.0,26000.0,4.0,24.0,16.0,1.0,294.0,18.0,31.0,1.0,2.0,3.0,0.0,0.0,0.0,41.0,9.0,539.0,8.58,7.06,27090.9858156028,1690.8857142857,298.5035971223,3940.9858156028004,4399.6086956521995,27090.9858156028,32.2085889571,105.0,1504.0,3910.0,5414.0,1.0
20338986.0,500000.0,17.0,33.0,32.0,3.0,2291.0,142.0,109.0,3.0,4.0,3.0,1.0,1.0,1031.0,7.0,12.0,282.0,8.68,40.68,27090.9858156028,1690.8857142857,298.5035971223,3940.9858156028004,4399.6086956521995,27090.9858156028,32.5236907731,6521.0,35097.0,43374.0,78471.0,1.0
2437429.0,250000.0,24.0,83.0,5.0,1.0,930.0,7.0,29.0,1.0,1.0,3.0,0.0,0.0,0.0,21.0,14.0,805.0,11.78,9.75,27090.9858156028,1690.8857142857,298.5035971223,3940.9858156028004,4399.6086956521995,27090.9858156028,33.2536837913,835.0,4163.0,5359.0,9522.0,0.0
147444.0,100000.0,0.0,25.0,5.0,1.0,574.0,3.0,29.0,1.0,1.0,3.0,0.0,0.0,0.0,44.0,10.0,394.0,11.59,1.47,27090.9858156028,1690.8857142857,298.5035971223,3940.9858156028004,4399.6086956521995,27090.9858156028,33.8095238095,71.0,942.0,1374.0,2316.0,0.0
15207.0,10000.0,4.0,9.0,7.0,1.0,554.0,0.0,2.0,1.0,3.0,5.0,0.0,0.0,0.0,45.0,11.0,178.0,11.34,1.52,1530.0,611.0,55.0,2102.0,582.0,1530.0,33.6363636364,37.0,52.0,437.0,489.0,1.0
15207.0,10000.0,4.0,9.0,7.0,1.0,554.0,0.0,2.0,1.0,3.0,8.0,0.0,0.0,0.0,45.0,11.0,178.0,11.34,1.52,1530.0,611.0,55.0,2102.0,582.0,1530.0,33.6363636364,37.0,52.0,437.0,489.0,1.0
15207.0,10000.0,4.0,9.0,7.0,1.0,554.0,0.0,2.0,1.0,3.0,3.0,0.0,0.0,0.0,45.0,11.0,178.0,11.34,1.52,1530.0,611.0,55.0,2102.0,582.0,1530.0,33.6363636364,37.0,52.0,437.0,489.0,0.0
15207.0,10000.0,4.0,9.0,7.0,1.0,554.0,0.0,2.0,1.0,3.0,10.0,0.0,0.0,0.0,45.0,11.0,178.0,11.34,1.52,1530.0,611.0,55.0,2102.0,582.0,1530.0,33.6363636364,37.0,52.0,437.0,489.0,1.0
15207.0,10000.0,4.0,9.0,7.0,1.0,554.0,0.0,2.0,1.0,3.0,3.0,0.0,0.0,0.0,45.0,11.0,178.0,11.34,1.52,1530.0,611.0,55.0,2102.0,582.0,1530.0,33.6363636364,37.0,52.0,437.0,489.0,1.0
15207.0,10000.0,4.0,9.0,7.0,1.0,554.0,0.0,2.0,1.0,3.0,0.0,0.0,0.0,0.0,45.0,11.0,178.0,11.34,1.52,1530.0,611.0,55.0,2102.0,582.0,1530.0,33.6363636364,37.0,52.0,437.0,489.0,1.0
144681.0,10000.0,7.0,22.0,5.0,1.0,1604.0,1.0,15.0,1.0,3.0,2.0,1.0,0.0,0.0,25.0,8.0,259.0,10.22,14.47,3019.0,470.0,125.0,2771.0,1752.0,3019.0,35.7142857143,40.0,1705.0,3931.0,5636.0,1.0
8782571.0,10000.0,19.0,33.0,13.0,1.0,763.0,5.0,302.0,2.0,3.0,1.0,1.0,1.0,1915.0,8.0,4.0,162.0,9.05,878.26,9902.0,149.0,255.0,2210.0,7407.0,9902.0,34.229426433899995,6863.0,95583.0,123799.0,219382.0,1.0
16685.0,3000.0,0.0,8.0,23.0,1.0,1144.0,1.0,8.0,1.0,1.0,0.0,1.0,1.0,104.0,41.0,16.0,184.0,17.31,5.56,27090.9858156028,1690.8857142857,298.5035971223,3940.9858156028004,4399.6086956521995,27090.9858156028,29.9065420561,32.0,206.0,924.0,1130.0,0.0
1021481.0,12500.0,11.0,12.0,42.0,4.0,1591.0,2.0,45.0,2.0,5.0,2.0,1.0,1.0,1226.0,359.0,8.0,655.0,11.22,81.72,998.0,70.0,33.0,848.0,1579.0,998.0,32.4355971897,277.0,1278.0,9560.0,10838.0,1.0
380747.0,10000.0,6.0,21.0,13.0,1.0,1897.0,7.0,46.0,1.0,2.0,0.0,0.0,1.0,2277.0,48.0,12.0,333.0,11.41,38.07,27090.9858156028,1690.8857142857,298.5035971223,3940.9858156028004,4399.6086956521995,27090.9858156028,29.321663019699997,134.0,2439.0,6819.0,9258.0,0.0
42792.0,40000.0,6.0,37.0,21.0,1.0,1624.0,0.0,10.0,3.0,1.0,0.0,1.0,1.0,329.0,86.0,11.0,592.0,12.29,1.07,27090.9858156028,1690.8857142857,298.5035971223,3940.9858156028004,4399.6086956521995,27090.9858156028,27.2321428571,61.0,145.0,1132.0,1277.0,0.0
129164.0,42000.0,3.0,30.0,31.0,1.0,1079.0,8.0,7.0,1.0,1.0,0.0,1.0,0.0,0.0,56.0,17.0,759.0,10.9,3.08,27090.9858156028,1690.8857142857,298.5035971223,3940.9858156028004,4399.6086956521995,27090.9858156028,29.020979021,83.0,1065.0,988.0,2053.0,1.0
41209.0,20000.0,1.0,17.0,9.0,1.0,567.0,4.0,49.0,2.0,3.0,5.0,0.0,1.0,654.0,20.0,6.0,209.0,8.75,2.06,27090.9858156028,1690.8857142857,298.5035971223,3940.9858156028004,4399.6086956521995,27090.9858156028,24.657534246599997,18.0,347.0,319.0,666.0,1.0
313157.0,250000.0,0.0,28.0,25.0,2.0,2423.0,1.0,26.0,1.0,4.0,1.0,0.0,1.0,4977.0,6.0,128.0,9356.0,11.08,1.25,2600.0,1830.0,72.0,741.0,30.0,2600.0,29.501915708800002,77.0,2417.0,1828.0,4245.0,1.0
813803.0,50000.0,12.0,23.0,37.0,3.0,1474.0,2.0,33.0,2.0,4.0,3.0,1.0,0.0,0.0,128.0,17.0,579.0,10.66,16.28,27090.9858156028,1690.8857142857,298.5035971223,3940.9858156028004,4399.6086956521995,27090.9858156028,30.072992700700002,206.0,751.0,2240.0,2991.0,0.0
20512.0,8000.0,3.0,16.0,7.0,1.0,782.0,7.0,5.0,1.0,3.0,1.0,1.0,1.0,835.0,26.0,9.0,320.0,11.24,2.56,27090.9858156028,1690.8857142857,298.5035971223,3940.9858156028004,4399.6086956521995,27090.9858156028,28.5714285714,26.0,116.0,730.0,846.0,1.0
350749.0,78000.0,3.0,13.0,45.0,1.0,1626.0,368.0,3.0,2.0,1.0,10.0,1.0,1.0,589.0,57.0,9.0,406.0,9.28,4.5,27090.9858156028,1690.8857142857,298.5035971223,3940.9858156028004,4399.6086956521995,27090.9858156028,29.7752808989,53.0,415.0,1730.0,2145.0,1.0
2236.0,500.0,0.0,0.0,0.0,1.0,541.0,20.0,2.0,1.0,1.0,3.0,1.0,1.0,827.0,2.0,4.0,102.0,8.76,4.47,27090.9858156028,1690.8857142857,298.5035971223,3940.9858156028004,4399.6086956521995,27090.9858156028,16.6666666667,1.0,52.0,20.0,72.0,0.0
156027.0,7500.0,5.0,23.0,21.0,1.0,1464.0,13.0,26.0,3.0,3.0,10.0,1.0,1.0,243.0,75.0,21.0,577.0,8.23,20.8,27090.9858156028,1690.8857142857,298.5035971223,3940.9858156028004,4399.6086956521995,27090.9858156028,26.006191950500003,84.0,571.0,3105.0,3676.0,1.0
27738.0,10000.0,0.0,20.0,0.0,1.0,707.0,0.0,2.0,1.0,4.0,3.0,0.0,0.0,0.0,0.0,17.0,813.0,10.32,2.77,2741.0,380.0,80.0,4818.0,3093.0,2741.0,28.5714285714,8.0,130.0,103.0,233.0,1.0
268437.0,50000.0,11.0,14.0,14.0,1.0,988.0,23.0,69.0,2.0,1.0,3.0,0.0,1.0,1587.0,75.0,9.0,392.0,12.06,5.37,27090.9858156028,1690.8857142857,298.5035971223,3940.9858156028004,4399.6086956521995,27090.9858156028,28.9682539683,73.0,948.0,2577.0,3525.0,1.0
406237.0,200000.0,5.0,64.0,5.0,1.0,640.0,5.0,3.0,1.0,2.0,3.0,0.0,0.0,0.0,86.0,23.0,908.0,12.17,2.03,27090.9858156028,1690.8857142857,298.5035971223,3940.9858156028004,4399.6086956521995,27090.9858156028,31.291390728499998,189.0,1270.0,4500.0,5770.0,1.0
883460.0,35000.0,18.0,23.0,31.0,1.0,592.0,9.0,9.0,1.0,4.0,3.0,1.0,0.0,0.0,202.0,7.0,331.0,8.09,25.24,1672.0,1641.0,53.0,3850.0,1041.0,1672.0,29.4368600683,345.0,124.0,7895.0,8019.0,1.0
32616.0,10000.0,4.0,11.0,5.0,1.0,519.0,10.0,17.0,1.0,1.0,10.0,0.0,1.0,999.0,30.0,7.0,225.0,10.07,3.26,27090.9858156028,1690.8857142857,298.5035971223,3940.9858156028004,4399.6086956521995,27090.9858156028,26.4957264957,31.0,269.0,580.0,849.0,1.0
13065.0,10000.0,1.0,12.0,5.0,1.0,526.0,1.0,6.0,1.0,2.0,3.0,0.0,1.0,255.0,6.0,8.0,773.0,8.59,1.31,27090.9858156028,1690.8857142857,298.5035971223,3940.9858156028004,4399.6086956521995,27090.9858156028,41.6666666667,10.0,125.0,293.0,418.0,1.0
90074.0,40000.0,25.0,29.0,17.0,1.0,1122.0,0.0,1.0,2.0,1.0,1.0,1.0,0.0,0.0,33.0,15.0,609.0,8.99,2.25,27090.9858156028,1690.8857142857,298.5035971223,3940.9858156028004,4399.6086956521995,27090.9858156028,34.9358974359,109.0,139.0,467.0,606.0,1.0
568106.0,25000.0,10.0,16.0,15.0,1.0,1458.0,0.0,68.0,2.0,3.0,1.0,1.0,1.0,1263.0,66.0,12.0,241.0,11.93,22.72,27090.9858156028,1690.8857142857,298.5035971223,3940.9858156028004,4399.6086956521995,27090.9858156028,29.520295203000003,160.0,5411.0,5713.0,11124.0,1.0
41209.0,20000.0,1.0,17.0,9.0,1.0,567.0,4.0,49.0,2.0,3.0,3.0,0.0,1.0,654.0,20.0,6.0,209.0,8.75,2.06,27090.9858156028,1690.8857142857,298.5035971223,3940.9858156028004,4399.6086956521995,27090.9858156028,24.657534246599997,18.0,347.0,319.0,666.0,1.0
107125.0,100000.0,6.0,31.0,31.0,1.0,1324.0,0.0,9.0,1.0,1.0,3.0,1.0,1.0,708.0,44.0,10.0,479.0,7.46,1.07,27090.9858156028,1690.8857142857,298.5035971223,3940.9858156028004,4399.6086956521995,27090.9858156028,28.2798833819,97.0,280.0,560.0,840.0,0.0
9740.0,7500.0,4.0,16.0,0.0,0.0,1328.0,1.0,11.0,2.0,3.0,0.0,0.0,1.0,833.0,3.0,9.0,322.0,12.93,1.3,27090.9858156028,1690.8857142857,298.5035971223,3940.9858156028004,4399.6086956521995,27090.9858156028,23.0769230769,3.0,102.0,305.0,407.0,1.0
29812.0,28000.0,4.0,85.0,12.0,0.0,1120.0,2.0,9.0,2.0,1.0,0.0,1.0,0.0,0.0,2.0,13.0,772.0,9.05,1.06,27090.9858156028,1690.8857142857,298.5035971223,3940.9858156028004,4399.6086956521995,27090.9858156028,27.5,11.0,92.0,204.0,296.0,1.0
823003.0,100000.0,8.0,16.0,9.0,1.0,1692.0,9.0,8.0,1.0,1.0,0.0,0.0,0.0,0.0,101.0,5.0,105.0,11.86,8.23,27090.9858156028,1690.8857142857,298.5035971223,3940.9858156028004,4399.6086956521995,27090.9858156028,31.6708229426,254.0,1546.0,2538.0,4084.0,1.0
248873.0,100000.0,0.0,22.0,4.0,1.0,131.0,0.0,13.0,1.0,4.0,8.0,0.0,1.0,1847.0,120.0,9.0,447.0,12.65,2.49,247.0,1690.8857142857,8.0,16.0,1.0,247.0,30.4621848739,145.0,2118.0,1979.0,4097.0,0.0
315222.0,40000.0,11.0,15.0,35.0,1.0,1353.0,26.0,5.0,5.0,4.0,3.0,1.0,0.0,0.0,173.0,8.0,311.0,10.7,7.88,16488.0,208.0,180.0,7834.0,3867.0,16488.0,28.4776902887,217.0,614.0,1175.0,1789.0,0.0
19504.0,12000.0,9.0,17.0,16.0,1.0,1028.0,2.0,5.0,2.0,3.0,3.0,1.0,0.0,0.0,54.0,14.0,656.0,12.04,1.63,19773.0,1283.0,47.0,610.0,763.0,19773.0,31.818181818200003,49.0,28.0,217.0,245.0,0.0
178613.0,60000.0,5.0,22.0,20.0,1.0,1627.0,3.0,34.0,2.0,2.0,10.0,1.0,1.0,1961.0,83.0,7.0,312.0,11.19,2.98,27090.9858156028,1690.8857142857,298.5035971223,3940.9858156028004,4399.6086956521995,27090.9858156028,31.759656652399997,74.0,505.0,1497.0,2002.0,0.0
278486.0,150000.0,8.0,14.0,12.0,2.0,2528.0,0.0,20.0,2.0,4.0,3.0,1.0,0.0,0.0,37.0,27.0,1817.0,8.04,1.86,27090.9858156028,1690.8857142857,298.5035971223,3940.9858156028004,4399.6086956521995,27090.9858156028,29.0,87.0,1143.0,2162.0,3305.0,1.0
26364.0,1500.0,5.0,20.0,6.0,2.0,1139.0,19.0,40.0,5.0,5.0,3.0,1.0,1.0,487.0,15.0,7.0,287.0,12.82,17.58,1703.0,1471.0,76.0,5815.0,3205.0,1703.0,28.5714285714,14.0,59.0,567.0,626.0,1.0
1552256.0,30000.0,62.0,21.0,25.0,1.0,2009.0,108.0,7.0,2.0,1.0,8.0,1.0,0.0,0.0,264.0,16.0,672.0,6.95,51.74,27090.9858156028,1690.8857142857,298.5035971223,3940.9858156028004,4399.6086956521995,27090.9858156028,33.4403669725,729.0,4043.0,6117.0,10160.0,1.0
5702153.0,2000000.0,30.0,102.0,7.0,1.0,2127.0,1.0,13.0,1.0,3.0,1.0,0.0,0.0,0.0,48.0,32.0,3120.0,10.62,2.85,68124.0,300.0,889.0,2219.0,918.0,68124.0,32.3341645885,6483.0,59219.0,32366.0,91585.0,1.0
90840.0,20000.0,8.0,38.0,26.0,4.0,1029.0,0.0,29.0,2.0,5.0,2.0,1.0,1.0,601.0,93.0,13.0,354.0,13.18,4.54,2141.0,459.0,122.0,3434.0,2603.0,2141.0,28.136882129299998,74.0,260.0,835.0,1095.0,0.0
65929.0,45000.0,4.0,14.0,26.0,1.0,1121.0,4.0,4.0,1.0,1.0,10.0,0.0,0.0,0.0,33.0,7.0,276.0,12.39,1.47,27090.9858156028,1690.8857142857,298.5035971223,3940.9858156028004,4399.6086956521995,27090.9858156028,34.4262295082,42.0,146.0,1285.0,1431.0,1.0
79744.0,25000.0,7.0,39.0,7.0,1.0,2130.0,1.0,23.0,2.0,5.0,0.0,1.0,1.0,510.0,24.0,11.0,481.0,8.91,3.19,1715.0,464.0,52.0,2123.0,1959.0,1715.0,24.0,24.0,429.0,1215.0,1644.0,1.0
141467.0,30000.0,0.0,45.0,5.0,1.0,544.0,2.0,5.0,2.0,1.0,3.0,1.0,0.0,0.0,5.0,11.0,556.0,7.99,4.72,27090.9858156028,1690.8857142857,298.5035971223,3940.9858156028004,4399.6086956521995,27090.9858156028,38.8888888889,35.0,276.0,2781.0,3057.0,1.0
1362343.0,500000.0,15.0,30.0,39.0,2.0,2338.0,7.0,7.0,1.0,3.0,10.0,1.0,0.0,0.0,463.0,7.0,253.0,10.33,2.72,27099.0,267.0,207.0,3536.0,4397.0,27099.0,30.8277506529,2715.0,1202.0,2409.0,3611.0,1.0
134403.0,25000.0,0.0,18.0,0.0,1.0,391.0,10.0,9.0,3.0,5.0,3.0,1.0,0.0,0.0,0.0,10.0,319.0,9.52,5.38,39475.0,490.0,1033.0,8497.0,6301.0,39475.0,29.1095890411,85.0,1284.0,1974.0,3258.0,1.0
88771.0,12000.0,2.0,12.0,46.0,1.0,1841.0,0.0,40.0,8.0,3.0,8.0,1.0,1.0,539.0,14.0,7.0,383.0,9.1,7.4,27090.9858156028,1690.8857142857,298.5035971223,3940.9858156028004,4399.6086956521995,27090.9858156028,22.448979591799997,11.0,330.0,465.0,795.0,0.0
301212.0,50000.0,15.0,35.0,42.0,1.0,1017.0,10.0,23.0,1.0,3.0,8.0,1.0,1.0,719.0,219.0,9.0,259.0,12.58,6.02,1105.0,506.0,124.0,886.0,6149.0,1105.0,31.7965023847,200.0,608.0,2013.0,2621.0,0.0
1811321.0,100000.0,8.0,27.0,24.0,1.0,2438.0,5.0,6.0,1.0,4.0,3.0,0.0,0.0,0.0,139.0,24.0,1110.0,10.37,18.11,106.0,1.0,2.0,28.0,4399.6086956521995,106.0,30.555555555599998,737.0,4346.0,6162.0,10508.0,1.0
30201.0,25000.0,3.0,20.0,27.0,2.0,1141.0,0.0,32.0,1.0,2.0,3.0,1.0,1.0,484.0,36.0,7.0,191.0,6.1,1.21,27090.9858156028,1690.8857142857,298.5035971223,3940.9858156028004,4399.6086956521995,27090.9858156028,34.210526315799996,26.0,227.0,542.0,769.0,0.0
260235.0,120000.0,3.0,47.0,59.0,1.0,1480.0,1.0,176.0,3.0,1.0,3.0,1.0,0.0,0.0,196.0,24.0,1200.0,10.39,2.17,27090.9858156028,1690.8857142857,298.5035971223,3940.9858156028004,4399.6086956521995,27090.9858156028,30.9431021044,794.0,1036.0,6528.0,7564.0,0.0
791862.0,160000.0,20.0,24.0,37.0,1.0,1680.0,3.0,49.0,2.0,3.0,0.0,1.0,0.0,0.0,423.0,11.0,711.0,11.31,4.95,2766.0,862.0,16.0,506.0,1508.0,2766.0,32.7526132404,658.0,748.0,3814.0,4562.0,1.0
46253.0,11000.0,3.0,24.0,17.0,1.0,767.0,14.0,8.0,2.0,1.0,10.0,1.0,1.0,903.0,48.0,12.0,376.0,9.91,4.2,27090.9858156028,1690.8857142857,298.5035971223,3940.9858156028004,4399.6086956521995,27090.9858156028,34.210526315799996,39.0,187.0,1001.0,1188.0,1.0
34664.0,15000.0,0.0,24.0,27.0,7.0,882.0,3.0,7.0,1.0,3.0,10.0,1.0,1.0,863.0,14.0,9.0,315.0,11.19,2.31,3207.0,3645.0,38.0,203.0,285.0,3207.0,22.5806451613,14.0,301.0,861.0,1162.0,1.0
205121.0,45000.0,6.0,41.0,22.0,4.0,1451.0,0.0,9.0,1.0,3.0,0.0,0.0,0.0,0.0,197.0,17.0,467.0,5.9,4.56,27090.9858156028,1690.8857142857,298.5035971223,3940.9858156028004,4399.6086956521995,27090.9858156028,30.232558139499996,312.0,1026.0,3065.0,4091.0,0.0
600874.0,110000.0,1.0,68.0,26.0,1.0,1269.0,1.0,3.0,1.0,1.0,3.0,1.0,1.0,555.0,82.0,43.0,4191.0,11.95,5.46,27090.9858156028,1690.8857142857,298.5035971223,3940.9858156028004,4399.6086956521995,27090.9858156028,32.9974811083,262.0,4442.0,6727.0,11169.0,1.0
32805.0,6000.0,1.0,24.0,24.0,1.0,1395.0,3.0,7.0,1.0,1.0,10.0,1.0,0.0,0.0,91.0,10.0,329.0,7.33,5.47,27090.9858156028,1690.8857142857,298.5035971223,3940.9858156028004,4399.6086956521995,27090.9858156028,28.0701754386,64.0,23.0,496.0,519.0,1.0
1290439.0,100000.0,6.0,29.0,27.0,1.0,2063.0,3.0,2.0,1.0,2.0,10.0,0.0,0.0,0.0,214.0,14.0,762.0,10.09,12.9,27090.9858156028,1690.8857142857,298.5035971223,3940.9858156028004,4399.6086956521995,27090.9858156028,30.6415929204,277.0,1087.0,2428.0,3515.0,0.0
905682.0,50000.0,3.0,50.0,48.0,1.0,1350.0,8777.0,50.0,26.0,1.0,1.0,1.0,0.0,0.0,59.0,2.0,56.0,16.39,18.11,27090.9858156028,1690.8857142857,298.5035971223,3940.9858156028004,4399.6086956521995,27090.9858156028,31.3249727372,4596.0,963.0,8862.0,9825.0,1.0
9192055.0,20000.0,12.0,21.0,42.0,1.0,675.0,61.0,28.0,2.0,1.0,10.0,1.0,0.0,0.0,210.0,43.0,1568.0,10.44,459.6,27090.9858156028,1690.8857142857,298.5035971223,3940.9858156028004,4399.6086956521995,27090.9858156028,29.931231130500002,3569.0,20487.0,24462.0,44949.0,0.0
12903.0,10000.0,0.0,13.0,14.0,3.0,1340.0,4.0,17.0,1.0,1.0,3.0,1.0,1.0,296.0,9.0,8.0,134.0,11.5,1.29,27090.9858156028,1690.8857142857,298.5035971223,3940.9858156028004,4399.6086956521995,27090.9858156028,41.935483871,13.0,111.0,176.0,287.0,1.0
813803.0,50000.0,12.0,23.0,37.0,3.0,1474.0,2.0,33.0,2.0,4.0,1.0,1.0,0.0,0.0,128.0,17.0,579.0,10.66,16.28,27090.9858156028,1690.8857142857,298.5035971223,3940.9858156028004,4399.6086956521995,27090.9858156028,30.072992700700002,206.0,751.0,2240.0,2991.0,0.0
11115.0,10000.0,0.0,10.0,8.0,1.0,947.0,3.0,1.0,1.0,4.0,3.0,0.0,0.0,0.0,17.0,9.0,541.0,8.87,1.11,27090.9858156028,1690.8857142857,298.5035971223,3940.9858156028004,4399.6086956521995,27090.9858156028,46.8085106383,22.0,75.0,123.0,198.0,1.0
781597.0,20000.0,5.0,76.0,60.0,1.0,2602.0,1.0,50.0,26.0,1.0,1.0,1.0,0.0,0.0,124.0,13.0,184.0,10.7,39.08,27090.9858156028,1690.8857142857,298.5035971223,3940.9858156028004,4399.6086956521995,27090.9858156028,31.4095621229,2030.0,2040.0,3218.0,5258.0,1.0
277399.0,50000.0,11.0,14.0,26.0,1.0,2739.0,0.0,1.0,1.0,4.0,0.0,0.0,0.0,0.0,4.0,33.0,1582.0,11.77,5.55,49382.0,1906.0,1101.0,321.0,16059.0,49382.0,31.7927170868,227.0,1875.0,5378.0,7253.0,1.0
107662.0,10000.0,0.0,15.0,15.0,1.0,772.0,0.0,9.0,2.0,3.0,8.0,1.0,1.0,729.0,1.0,74.0,3926.0,11.02,10.77,1786.0,465.0,12.0,611.0,456.0,1786.0,32.8395061728,133.0,737.0,1412.0,2149.0,1.0
20764.0,7000.0,1.0,8.0,12.0,1.0,826.0,0.0,1.0,1.0,4.0,1.0,1.0,0.0,0.0,19.0,11.0,870.0,10.21,2.97,3185.0,251.0,7.0,80.0,69.0,3185.0,30.9523809524,13.0,88.0,309.0,397.0,1.0
35798.0,30000.0,0.0,14.0,7.0,1.0,876.0,0.0,6.0,1.0,5.0,1.0,0.0,0.0,0.0,14.0,11.0,544.0,11.2,1.19,27090.9858156028,1690.8857142857,298.5035971223,3940.9858156028004,4399.6086956521995,27090.9858156028,27.027027027,10.0,318.0,367.0,685.0,1.0
212265.0,9800.0,7.0,35.0,8.0,1.0,1337.0,0.0,4.0,4.0,2.0,3.0,1.0,1.0,161.0,349.0,16.0,337.0,10.42,21.66,27090.9858156028,1690.8857142857,298.5035971223,3940.9858156028004,4399.6086956521995,27090.9858156028,30.8483290488,240.0,1724.0,2817.0,4541.0,0.0
1604.0,1500.0,7.0,20.0,8.0,0.0,469.0,0.0,144.0,1.0,1.0,5.0,1.0,1.0,256.0,2.0,7.0,89.0,11.16,1.07,27090.9858156028,1690.8857142857,298.5035971223,3940.9858156028004,4399.6086956521995,27090.9858156028,40.0,2.0,7.0,74.0,81.0,1.0
9192055.0,20000.0,12.0,21.0,42.0,1.0,675.0,61.0,28.0,2.0,1.0,10.0,1.0,0.0,0.0,210.0,43.0,1568.0,10.44,459.6,27090.9858156028,1690.8857142857,298.5035971223,3940.9858156028004,4399.6086956521995,27090.9858156028,29.931231130500002,3569.0,20487.0,24462.0,44949.0,0.0
32226.0,28800.0,7.0,37.0,13.0,1.0,796.0,0.0,19.0,4.0,3.0,3.0,1.0,1.0,3993.0,7.0,18.0,890.0,9.04,1.12,15502.0,148.0,635.0,14528.0,8177.0,15502.0,37.5,12.0,90.0,682.0,772.0,1.0
10587.0,10000.0,0.0,9.0,23.0,2.0,965.0,0.0,16.0,1.0,4.0,3.0,1.0,1.0,1065.0,0.0,14.0,566.0,7.4,1.06,27090.9858156028,1690.8857142857,298.5035971223,3940.9858156028004,4399.6086956521995,27090.9858156028,0.0,0.0,35.0,41.0,76.0,0.0
72256.0,10000.0,0.0,17.0,64.0,1.0,1494.0,0.0,10.0,3.0,9.0,0.0,1.0,0.0,0.0,68.0,16.0,457.0,2.46,7.23,3728.0,2497.0,80.0,1816.0,6154.0,3728.0,34.375,77.0,73.0,1916.0,1989.0,1.0
52175.0,20000.0,1.0,17.0,0.0,1.0,693.0,3.0,25.0,1.0,1.0,0.0,0.0,1.0,1654.0,9.0,9.0,298.0,11.73,2.61,27090.9858156028,1690.8857142857,298.5035971223,3940.9858156028004,4399.6086956521995,27090.9858156028,31.914893616999997,15.0,329.0,464.0,793.0,1.0
51734.0,5000.0,4.0,48.0,12.0,1.0,3721.0,0.0,1.0,3.0,2.0,10.0,1.0,0.0,0.0,16.0,9.0,388.0,13.08,10.35,27090.9858156028,1690.8857142857,298.5035971223,3940.9858156028004,4399.6086956521995,27090.9858156028,42.3728813559,25.0,147.0,2207.0,2354.0,1.0
27587.0,17600.0,3.0,5.0,9.0,1.0,1283.0,1.0,3.0,1.0,4.0,10.0,1.0,0.0,0.0,15.0,8.0,611.0,9.43,1.57,42.0,122.0,3.0,84.0,9.0,42.0,20.0,6.0,249.0,268.0,517.0,0.0
127493.0,100000.0,11.0,38.0,2.0,1.0,809.0,3.0,1.0,1.0,1.0,8.0,0.0,1.0,255.0,55.0,6.0,521.0,11.43,1.27,27090.9858156028,1690.8857142857,298.5035971223,3940.9858156028004,4399.6086956521995,27090.9858156028,37.2340425532,105.0,201.0,505.0,706.0,1.0
27598.0,20000.0,6.0,22.0,1.0,1.0,699.0,134.0,14.0,2.0,3.0,3.0,1.0,0.0,0.0,49.0,5.0,207.0,8.92,1.38,27090.9858156028,1690.8857142857,298.5035971223,3940.9858156028004,4399.6086956521995,27090.9858156028,28.3185840708,32.0,345.0,570.0,915.0,1.0
47404.0,40000.0,3.0,43.0,19.0,1.0,948.0,2.0,6.0,5.0,2.0,10.0,1.0,1.0,1664.0,91.0,14.0,473.0,7.75,1.19,27090.9858156028,1690.8857142857,298.5035971223,3940.9858156028004,4399.6086956521995,27090.9858156028,29.934210526300003,91.0,110.0,509.0,619.0,0.0
264762.0,50000.0,2.0,21.0,8.0,1.0,2498.0,0.0,1.0,1.0,4.0,5.0,0.0,0.0,0.0,13.0,22.0,2301.0,15.09,5.3,9454.0,66.0,182.0,4908.0,204.0,9454.0,32.264150943400004,171.0,3613.0,2691.0,6304.0,1.0
6729.0,5000.0,0.0,8.0,1.0,1.0,418.0,0.0,3.0,1.0,5.0,10.0,0.0,1.0,1385.0,0.0,15.0,191.0,15.08,1.35,5.0,10.0,298.5035971223,10.0,5.0,5.0,100.0,1.0,73.0,65.0,138.0,1.0
70007.0,50000.0,7.0,27.0,6.0,1.0,1253.0,421.0,41.0,3.0,4.0,3.0,1.0,1.0,587.0,62.0,1.0,45.0,8.01,1.4,1964.0,986.0,64.0,6428.0,1578.0,1964.0,34.9112426036,59.0,156.0,313.0,469.0,1.0
147444.0,100000.0,0.0,25.0,5.0,1.0,574.0,3.0,29.0,1.0,1.0,0.0,0.0,0.0,0.0,44.0,10.0,394.0,11.59,1.47,27090.9858156028,1690.8857142857,298.5035971223,3940.9858156028004,4399.6086956521995,27090.9858156028,33.8095238095,71.0,942.0,1374.0,2316.0,1.0
147444.0,100000.0,0.0,25.0,5.0,1.0,574.0,3.0,29.0,1.0,1.0,3.0,0.0,0.0,0.0,44.0,10.0,394.0,11.59,1.47,27090.9858156028,1690.8857142857,298.5035971223,3940.9858156028004,4399.6086956521995,27090.9858156028,33.8095238095,71.0,942.0,1374.0,2316.0,0.0
13065.0,10000.0,1.0,12.0,5.0,1.0,526.0,1.0,6.0,1.0,2.0,10.0,0.0,1.0,255.0,6.0,8.0,773.0,8.59,1.31,27090.9858156028,1690.8857142857,298.5035971223,3940.9858156028004,4399.6086956521995,27090.9858156028,41.6666666667,10.0,125.0,293.0,418.0,1.0
652828.0,100000.0,13.0,32.0,37.0,1.0,1678.0,28.0,34.0,5.0,1.0,3.0,1.0,1.0,456.0,459.0,10.0,220.0,5.41,6.53,27090.9858156028,1690.8857142857,298.5035971223,3940.9858156028004,4399.6086956521995,27090.9858156028,29.759414225900002,569.0,1165.0,4943.0,6108.0,0.0
51831.0,10000.0,0.0,6.0,3.0,1.0,1001.0,5.0,2.0,1.0,3.0,10.0,0.0,1.0,989.0,1.0,5.0,159.0,10.37,5.18,473.0,211.0,18.0,181.0,109.0,473.0,25.0,10.0,366.0,690.0,1056.0,1.0
147444.0,100000.0,0.0,25.0,5.0,1.0,574.0,3.0,29.0,1.0,1.0,3.0,0.0,0.0,0.0,44.0,10.0,394.0,11.59,1.47,27090.9858156028,1690.8857142857,298.5035971223,3940.9858156028004,4399.6086956521995,27090.9858156028,33.8095238095,71.0,942.0,1374.0,2316.0,1.0
2344134.0,30000.0,51.0,35.0,13.0,1.0,1572.0,1.0,7.0,2.0,1.0,0.0,1.0,0.0,0.0,212.0,18.0,778.0,10.49,78.14,27090.9858156028,1690.8857142857,298.5035971223,3940.9858156028004,4399.6086956521995,27090.9858156028,31.3733905579,731.0,11672.0,14785.0,26457.0,1.0
341667.0,20000.0,0.0,60.0,4.0,1.0,1312.0,1.0,6.0,6.0,1.0,10.0,1.0,0.0,0.0,8.0,19.0,558.0,12.54,17.08,27090.9858156028,1690.8857142857,298.5035971223,3940.9858156028004,4399.6086956521995,27090.9858156028,29.933481153000002,135.0,2070.0,5946.0,8016.0,1.0
246989.0,148000.0,6.0,24.0,6.0,1.0,1801.0,2.0,7.0,1.0,1.0,3.0,0.0,0.0,0.0,61.0,40.0,2284.0,10.14,1.67,27090.9858156028,1690.8857142857,298.5035971223,3940.9858156028004,4399.6086956521995,27090.9858156028,28.640776699,118.0,909.0,2187.0,3096.0,1.0
375058.0,15000.0,14.0,54.0,24.0,6.0,1033.0,0.0,64.0,4.0,3.0,1.0,1.0,0.0,0.0,157.0,16.0,1659.0,14.05,25.0,27090.9858156028,1690.8857142857,298.5035971223,3940.9858156028004,4399.6086956521995,27090.9858156028,29.9403747871,703.0,841.0,4593.0,5434.0,0.0
41209.0,20000.0,1.0,17.0,9.0,1.0,567.0,4.0,49.0,2.0,3.0,5.0,0.0,1.0,654.0,20.0,6.0,209.0,8.75,2.06,27090.9858156028,1690.8857142857,298.5035971223,3940.9858156028004,4399.6086956521995,27090.9858156028,24.657534246599997,18.0,347.0,319.0,666.0,1.0
41869.0,20000.0,2.0,23.0,14.0,1.0,834.0,1.0,14.0,2.0,3.0,3.0,1.0,0.0,0.0,92.0,11.0,471.0,10.22,2.09,27090.9858156028,1690.8857142857,298.5035971223,3940.9858156028004,4399.6086956521995,27090.9858156028,30.7392996109,79.0,316.0,733.0,1049.0,0.0
46754.0,20000.0,2.0,24.0,18.0,1.0,1069.0,16.0,11.0,1.0,5.0,3.0,1.0,0.0,0.0,16.0,12.0,424.0,7.42,2.34,27090.9858156028,1690.8857142857,298.5035971223,3940.9858156028004,4399.6086956521995,27090.9858156028,29.2682926829,12.0,324.0,206.0,530.0,1.0
40015.0,28000.0,6.0,36.0,10.0,1.0,959.0,22.0,53.0,1.0,4.0,5.0,0.0,1.0,383.0,97.0,7.0,259.0,9.68,1.43,27090.9858156028,1690.8857142857,298.5035971223,3940.9858156028004,4399.6086956521995,27090.9858156028,31.511254019299997,98.0,324.0,1011.0,1335.0,1.0
16343.0,11200.0,7.0,11.0,34.0,1.0,1961.0,0.0,1.0,1.0,2.0,1.0,1.0,1.0,447.0,3.0,10.0,389.0,8.52,1.46,27090.9858156028,1690.8857142857,298.5035971223,3940.9858156028004,4399.6086956521995,27090.9858156028,25.0,4.0,103.0,97.0,200.0,0.0
264762.0,50000.0,2.0,21.0,8.0,1.0,2498.0,0.0,1.0,1.0,4.0,0.0,0.0,0.0,0.0,13.0,22.0,2301.0,15.09,5.3,9454.0,66.0,182.0,4908.0,204.0,9454.0,32.264150943400004,171.0,3613.0,2691.0,6304.0,1.0
17215.0,17000.0,1.0,5.0,4.0,1.0,759.0,0.0,3.0,1.0,1.0,3.0,0.0,1.0,830.0,0.0,8.0,317.0,7.94,1.01,27090.9858156028,1690.8857142857,298.5035971223,3940.9858156028004,4399.6086956521995,27090.9858156028,100.0,2.0,90.0,45.0,135.0,0.0
17215.0,17000.0,1.0,5.0,4.0,1.0,759.0,0.0,3.0,1.0,1.0,3.0,0.0,1.0,830.0,0.0,8.0,317.0,7.94,1.01,27090.9858156028,1690.8857142857,298.5035971223,3940.9858156028004,4399.6086956521995,27090.9858156028,100.0,2.0,90.0,45.0,135.0,1.0
17215.0,17000.0,1.0,5.0,4.0,1.0,759.0,0.0,3.0,1.0,1.0,10.0,0.0,1.0,830.0,0.0,8.0,317.0,7.94,1.01,27090.9858156028,1690.8857142857,298.5035971223,3940.9858156028004,4399.6086956521995,27090.9858156028,100.0,2.0,90.0,45.0,135.0,1.0
17215.0,17000.0,1.0,5.0,4.0,1.0,759.0,0.0,3.0,1.0,1.0,2.0,0.0,1.0,830.0,0.0,8.0,317.0,7.94,1.01,27090.9858156028,1690.8857142857,298.5035971223,3940.9858156028004,4399.6086956521995,27090.9858156028,100.0,2.0,90.0,45.0,135.0,0.0
17215.0,17000.0,1.0,5.0,4.0,1.0,759.0,0.0,3.0,1.0,1.0,8.0,0.0,1.0,830.0,0.0,8.0,317.0,7.94,1.01,27090.9858156028,1690.8857142857,298.5035971223,3940.9858156028004,4399.6086956521995,27090.9858156028,100.0,2.0,90.0,45.0,135.0,1.0
17215.0,17000.0,1.0,5.0,4.0,1.0,759.0,0.0,3.0,1.0,1.0,3.0,0.0,1.0,830.0,0.0,8.0,317.0,7.94,1.01,27090.9858156028,1690.8857142857,298.5035971223,3940.9858156028004,4399.6086956521995,27090.9858156028,100.0,2.0,90.0,45.0,135.0,1.0
6506.0,3500.0,0.0,6.0,0.0,1.0,242.0,0.0,1.0,1.0,1.0,8.0,0.0,0.0,0.0,5.0,6.0,136.0,7.02,1.86,27090.9858156028,1690.8857142857,298.5035971223,3940.9858156028004,4399.6086956521995,27090.9858156028,28.125,18.0,164.0,78.0,242.0,1.0
21004.0,20000.0,1.0,23.0,22.0,1.0,965.0,19.0,40.0,5.0,5.0,3.0,1.0,1.0,487.0,8.0,9.0,296.0,9.17,1.05,1703.0,1471.0,76.0,5815.0,3205.0,1703.0,14.2857142857,4.0,129.0,326.0,455.0,1.0
39288.0,15000.0,3.0,29.0,12.0,2.0,1418.0,9.0,42.0,3.0,3.0,3.0,1.0,0.0,0.0,45.0,10.0,357.0,10.41,2.62,18665.0,19132.0,119.0,2545.0,3210.0,18665.0,32.4074074074,35.0,71.0,267.0,338.0,1.0
11185.0,11000.0,0.0,0.0,6.0,1.0,1529.0,1.0,1.0,1.0,1.0,8.0,1.0,0.0,0.0,0.0,12.0,766.0,7.43,1.02,27090.9858156028,1690.8857142857,298.5035971223,3940.9858156028004,4399.6086956521995,27090.9858156028,0.0,0.0,17.0,14.0,31.0,1.0
661026.0,150000.0,19.0,64.0,18.0,1.0,1808.0,0.0,8.0,4.0,1.0,3.0,1.0,0.0,0.0,34.0,11.0,362.0,13.45,4.41,27090.9858156028,1690.8857142857,298.5035971223,3940.9858156028004,4399.6086956521995,27090.9858156028,33.1797235023,72.0,388.0,478.0,866.0,1.0
883460.0,35000.0,18.0,23.0,31.0,1.0,592.0,9.0,9.0,1.0,4.0,10.0,1.0,0.0,0.0,202.0,7.0,331.0,8.09,25.24,1672.0,1641.0,53.0,3850.0,1041.0,1672.0,29.4368600683,345.0,124.0,7895.0,8019.0,1.0
1192793.0,100000.0,13.0,26.0,16.0,1.0,2102.0,0.0,74.0,3.0,4.0,8.0,0.0,0.0,0.0,14.0,24.0,2752.0,11.71,11.93,1145971.0,741.0,11581.0,89651.0,742.0,1145971.0,29.398826979499997,401.0,12629.0,12254.0,24883.0,1.0
1552256.0,30000.0,62.0,21.0,25.0,1.0,2009.0,108.0,7.0,2.0,1.0,8.0,1.0,0.0,0.0,264.0,16.0,672.0,6.95,51.74,27090.9858156028,1690.8857142857,298.5035971223,3940.9858156028004,4399.6086956521995,27090.9858156028,33.4403669725,729.0,4044.0,6116.0,10160.0,1.0
9192055.0,20000.0,12.0,21.0,42.0,1.0,675.0,61.0,28.0,2.0,1.0,10.0,1.0,0.0,0.0,210.0,43.0,1568.0,10.44,459.6,27090.9858156028,1690.8857142857,298.5035971223,3940.9858156028004,4399.6086956521995,27090.9858156028,29.931231130500002,3569.0,20487.0,24462.0,44949.0,0.0
103640.0,50000.0,2.0,20.0,8.0,1.0,1496.0,0.0,1.0,3.0,2.0,1.0,1.0,1.0,716.0,6.0,17.0,1100.0,11.73,2.07,27090.9858156028,1690.8857142857,298.5035971223,3940.9858156028004,4399.6086956521995,27090.9858156028,20.0,10.0,321.0,1122.0,1443.0,1.0
20301.0,20000.0,3.0,25.0,34.0,1.0,4203.0,0.0,16.0,1.0,5.0,10.0,1.0,0.0,0.0,7.0,16.0,1124.0,9.33,1.02,2488.0,960.0,168.0,4632.0,688.0,2488.0,33.962264150900005,18.0,159.0,235.0,394.0,0.0
105097.0,100000.0,3.0,20.0,22.0,1.0,1845.0,0.0,29.0,2.0,5.0,5.0,1.0,0.0,0.0,1.0,16.0,567.0,12.84,1.05,24402.0,318.0,1006.0,8664.0,1958.0,24402.0,23.529411764699997,8.0,413.0,1859.0,2272.0,1.0
370001.0,69000.0,17.0,25.0,29.0,1.0,1253.0,0.0,1.0,1.0,4.0,1.0,1.0,1.0,1782.0,169.0,13.0,432.0,11.94,5.36,932.0,200.0,154.0,1172.0,854.0,932.0,30.024213075100004,248.0,331.0,1884.0,2215.0,0.0
212265.0,9800.0,7.0,35.0,8.0,1.0,1337.0,0.0,4.0,4.0,2.0,0.0,1.0,1.0,161.0,349.0,16.0,337.0,10.42,21.66,27090.9858156028,1690.8857142857,298.5035971223,3940.9858156028004,4399.6086956521995,27090.9858156028,30.8483290488,240.0,1724.0,2817.0,4541.0,0.0
296588.0,70000.0,15.0,21.0,27.0,1.0,2146.0,0.0,13.0,1.0,5.0,5.0,1.0,1.0,1305.0,132.0,17.0,969.0,8.35,4.24,9729.0,3183.0,296.0,15879.0,5988.0,9729.0,31.6733067729,159.0,355.0,1902.0,2257.0,1.0
1522160.0,100000.0,9.0,39.0,27.0,1.0,2536.0,1.0,22.0,2.0,3.0,1.0,1.0,1.0,2330.0,59.0,11.0,635.0,10.84,15.22,21293.0,5257.0,688.0,14774.0,10940.0,21293.0,31.0850439883,212.0,5264.0,8123.0,13387.0,1.0
41209.0,20000.0,1.0,17.0,9.0,1.0,567.0,4.0,49.0,2.0,3.0,5.0,0.0,1.0,654.0,20.0,6.0,209.0,8.75,2.06,27090.9858156028,1690.8857142857,298.5035971223,3940.9858156028004,4399.6086956521995,27090.9858156028,24.657534246599997,18.0,347.0,319.0,666.0,1.0
210171.0,55000.0,0.0,43.0,53.0,1.0,1284.0,2.0,9.0,1.0,5.0,1.0,1.0,0.0,0.0,298.0,12.0,274.0,8.41,3.82,1766.0,907.0,227.0,2596.0,3226.0,1766.0,30.6551297899,248.0,348.0,1289.0,1637.0,0.0
57791.0,5000.0,5.0,17.0,15.0,1.0,893.0,4.0,15.0,2.0,1.0,3.0,1.0,0.0,0.0,32.0,10.0,239.0,7.05,11.56,27090.9858156028,1690.8857142857,298.5035971223,3940.9858156028004,4399.6086956521995,27090.9858156028,26.3888888889,19.0,105.0,907.0,1012.0,0.0
189066.0,11200.0,1.0,28.0,28.0,1.0,1647.0,187.0,6.0,1.0,4.0,1.0,1.0,1.0,741.0,36.0,17.0,826.0,14.78,16.88,27090.9858156028,1690.8857142857,298.5035971223,3940.9858156028004,4399.6086956521995,27090.9858156028,28.217821782199998,57.0,1725.0,2808.0,4533.0,1.0
9183.0,7000.0,0.0,42.0,7.0,1.0,1747.0,0.0,284.0,2.0,3.0,3.0,1.0,1.0,1397.0,0.0,11.0,560.0,8.52,1.31,1514.0,1166.0,66.0,2546.0,3818.0,1514.0,25.0,2.0,59.0,195.0,254.0,1.0
106935.0,100000.0,0.0,12.0,10.0,2.0,837.0,2.0,1.0,1.0,2.0,8.0,1.0,0.0,0.0,0.0,40.0,1776.0,7.88,1.07,27090.9858156028,1690.8857142857,298.5035971223,3940.9858156028004,4399.6086956521995,27090.9858156028,16.6666666667,9.0,278.0,1353.0,1631.0,0.0
147444.0,100000.0,0.0,25.0,5.0,1.0,574.0,3.0,29.0,1.0,1.0,5.0,0.0,0.0,0.0,44.0,10.0,394.0,11.59,1.47,27090.9858156028,1690.8857142857,298.5035971223,3940.9858156028004,4399.6086956521995,27090.9858156028,33.8095238095,71.0,942.0,1374.0,2316.0,1.0
759656.0,200000.0,13.0,17.0,30.0,1.0,1601.0,1.0,3.0,1.0,1.0,10.0,1.0,0.0,0.0,101.0,11.0,372.0,6.37,3.8,27090.9858156028,1690.8857142857,298.5035971223,3940.9858156028004,4399.6086956521995,27090.9858156028,33.6713995943,166.0,342.0,1631.0,1973.0,0.0
41209.0,20000.0,1.0,17.0,9.0,1.0,567.0,4.0,49.0,2.0,3.0,3.0,0.0,1.0,654.0,20.0,6.0,209.0,8.75,2.06,27090.9858156028,1690.8857142857,298.5035971223,3940.9858156028004,4399.6086956521995,27090.9858156028,24.657534246599997,18.0,347.0,319.0,666.0,1.0
46754.0,20000.0,2.0,24.0,18.0,1.0,1069.0,16.0,11.0,1.0,5.0,1.0,1.0,0.0,0.0,16.0,12.0,424.0,7.42,2.34,27090.9858156028,1690.8857142857,298.5035971223,3940.9858156028004,4399.6086956521995,27090.9858156028,29.2682926829,12.0,324.0,206.0,530.0,1.0
39288.0,15000.0,3.0,29.0,12.0,2.0,1418.0,9.0,42.0,3.0,3.0,3.0,1.0,0.0,0.0,45.0,10.0,357.0,10.41,2.62,18665.0,19132.0,119.0,2545.0,3210.0,18665.0,32.4074074074,35.0,71.0,267.0,338.0,1.0
33923.0,15000.0,7.0,15.0,8.0,1.0,1044.0,11.0,5.0,3.0,5.0,10.0,1.0,0.0,0.0,63.0,9.0,357.0,8.2,2.26,27090.9858156028,1690.8857142857,298.5035971223,3940.9858156028004,4399.6086956521995,27090.9858156028,39.0804597701,68.0,102.0,464.0,566.0,1.0
11185.0,11000.0,0.0,0.0,6.0,1.0,1529.0,1.0,25.0,3.0,1.0,3.0,1.0,0.0,0.0,0.0,12.0,766.0,7.43,1.02,27090.9858156028,1690.8857142857,298.5035971223,3940.9858156028004,4399.6086956521995,27090.9858156028,0.0,0.0,17.0,14.0,31.0,0.0
12665.0,3000.0,0.0,25.0,0.0,1.0,423.0,1.0,49.0,7.0,3.0,3.0,1.0,1.0,344.0,14.0,7.0,253.0,7.76,4.22,27090.9858156028,1690.8857142857,298.5035971223,3940.9858156028004,4399.6086956521995,27090.9858156028,27.536231884099998,19.0,226.0,120.0,346.0,1.0
15267.0,15000.0,5.0,20.0,13.0,1.0,1224.0,1.0,7.0,1.0,2.0,10.0,0.0,1.0,178.0,18.0,11.0,321.0,8.11,1.02,27090.9858156028,1690.8857142857,298.5035971223,3940.9858156028004,4399.6086956521995,27090.9858156028,24.0,12.0,24.0,58.0,82.0,1.0
103347.0,6000.0,11.0,22.0,23.0,1.0,2682.0,0.0,17.0,2.0,4.0,3.0,1.0,1.0,2241.0,160.0,10.0,296.0,12.96,17.22,1351.0,991.0,16.0,118.0,112.0,1351.0,30.9401709402,181.0,333.0,3071.0,3404.0,1.0
56016.0,38000.0,0.0,16.0,1.0,1.0,922.0,0.0,26.0,1.0,1.0,5.0,0.0,0.0,0.0,1.0,15.0,596.0,12.36,1.47,27090.9858156028,1690.8857142857,298.5035971223,3940.9858156028004,4399.6086956521995,27090.9858156028,29.2682926829,12.0,303.0,420.0,723.0,1.0
56016.0,38000.0,0.0,16.0,1.0,1.0,922.0,0.0,26.0,1.0,1.0,8.0,0.0,0.0,0.0,1.0,15.0,596.0,12.36,1.47,27090.9858156028,1690.8857142857,298.5035971223,3940.9858156028004,4399.6086956521995,27090.9858156028,29.2682926829,12.0,303.0,420.0,723.0,1.0
80943.0,10000.0,3.0,9.0,6.0,1.0,809.0,7.0,9.0,3.0,4.0,0.0,1.0,1.0,228.0,0.0,6.0,214.0,15.34,8.09,27090.9858156028,1690.8857142857,298.5035971223,3940.9858156028004,4399.6086956521995,27090.9858156028,23.529411764699997,4.0,292.0,593.0,885.0,1.0
142413.0,43000.0,3.0,22.0,17.0,1.0,1670.0,2.0,23.0,1.0,3.0,10.0,0.0,1.0,2876.0,30.0,8.0,317.0,11.53,3.31,1742.0,1354.0,130.0,2572.0,1018.0,1742.0,25.5813953488,22.0,237.0,270.0,507.0,0.0
280033.0,50000.0,6.0,35.0,29.0,1.0,2661.0,1.0,19.0,1.0,3.0,0.0,1.0,1.0,1349.0,45.0,14.0,600.0,8.92,5.6,5910.0,1655.0,125.0,1298.0,855.0,5910.0,36.1313868613,99.0,509.0,866.0,1375.0,1.0
62745.0,50000.0,1.0,44.0,24.0,1.0,1376.0,0.0,2.0,1.0,5.0,0.0,1.0,0.0,0.0,4.0,35.0,1683.0,12.94,1.25,4329.0,748.0,133.0,4034.0,1342.0,4329.0,30.555555555599998,11.0,292.0,662.0,954.0,1.0
5413.0,5000.0,0.0,12.0,8.0,2.0,308.0,2.0,137.0,14.0,3.0,5.0,0.0,1.0,129.0,11.0,9.0,259.0,11.03,1.08,27090.9858156028,1690.8857142857,298.5035971223,3940.9858156028004,4399.6086956521995,27090.9858156028,29.0322580645,9.0,34.0,146.0,180.0,0.0
542732.0,50000.0,9.0,35.0,22.0,2.0,666.0,2.0,1.0,1.0,2.0,0.0,0.0,0.0,0.0,124.0,8.0,334.0,10.5,10.85,27090.9858156028,1690.8857142857,298.5035971223,3940.9858156028004,4399.6086956521995,27090.9858156028,31.5714285714,442.0,1109.0,3477.0,4586.0,1.0
136284.0,50000.0,3.0,37.0,25.0,1.0,1083.0,1.0,129.0,6.0,4.0,0.0,1.0,1.0,775.0,142.0,11.0,454.0,9.63,2.73,4039.0,5001.0,83.0,4723.0,2485.0,4039.0,31.33640553,136.0,176.0,1702.0,1878.0,1.0
18856.0,10000.0,4.0,18.0,53.0,1.0,1585.0,50.0,10.0,3.0,9.0,3.0,1.0,0.0,0.0,31.0,20.0,1159.0,5.97,1.89,3728.0,2497.0,80.0,1816.0,6154.0,3728.0,26.470588235300003,27.0,36.0,614.0,650.0,1.0
14405.0,10000.0,0.0,2.0,0.0,1.0,281.0,1.0,14.0,2.0,1.0,3.0,0.0,0.0,0.0,0.0,9.0,190.0,9.52,1.44,27090.9858156028,1690.8857142857,298.5035971223,3940.9858156028004,4399.6086956521995,27090.9858156028,0.0,0.0,126.0,112.0,238.0,1.0
10629.0,10000.0,0.0,20.0,9.0,1.0,377.0,0.0,5.0,1.0,4.0,0.0,1.0,1.0,416.0,18.0,11.0,226.0,6.55,1.06,27090.9858156028,1690.8857142857,298.5035971223,3940.9858156028004,4399.6086956521995,27090.9858156028,37.2549019608,19.0,68.0,189.0,257.0,0.0
132317.0,29000.0,2.0,18.0,6.0,1.0,837.0,0.0,2.0,1.0,5.0,3.0,0.0,0.0,0.0,39.0,13.0,283.0,10.46,4.56,1220.0,3.0,93.0,547.0,42.0,1220.0,36.226415094299995,96.0,439.0,2216.0,2655.0,1.0
21091.0,7777.0,1.0,14.0,31.0,1.0,582.0,6.0,14.0,1.0,5.0,10.0,1.0,0.0,0.0,20.0,10.0,333.0,10.28,2.71,1512.0,1149.0,120.0,1535.0,1435.0,1512.0,24.0,12.0,195.0,131.0,326.0,1.0
19504.0,12000.0,9.0,17.0,16.0,1.0,1028.0,2.0,5.0,2.0,3.0,3.0,1.0,0.0,0.0,54.0,14.0,656.0,12.04,1.63,19773.0,1283.0,47.0,610.0,763.0,19773.0,31.818181818200003,49.0,28.0,217.0,245.0,0.0
67427.0,13000.0,2.0,10.0,26.0,1.0,1195.0,1.0,25.0,1.0,4.0,10.0,1.0,1.0,1175.0,2.0,13.0,282.0,11.25,5.19,1762.0,1347.0,63.0,10695.0,8707.0,1762.0,27.0833333333,13.0,188.0,2187.0,2375.0,1.0
105042.0,20000.0,6.0,27.0,0.0,0.0,462.0,0.0,1.0,1.0,2.0,3.0,0.0,0.0,0.0,34.0,7.0,233.0,11.62,5.25,27090.9858156028,1690.8857142857,298.5035971223,3940.9858156028004,4399.6086956521995,27090.9858156028,27.179487179499997,53.0,1015.0,480.0,1495.0,1.0
12292.0,1600.0,0.0,16.0,24.0,1.0,1213.0,7.0,13.0,2.0,1.0,0.0,1.0,1.0,416.0,20.0,9.0,153.0,14.37,7.68,27090.9858156028,1690.8857142857,298.5035971223,3940.9858156028004,4399.6086956521995,27090.9858156028,26.785714285700003,15.0,88.0,414.0,502.0,0.0
71281.0,30000.0,9.0,18.0,33.0,1.0,1444.0,0.0,2.0,2.0,1.0,3.0,1.0,0.0,0.0,17.0,7.0,212.0,9.94,2.38,27090.9858156028,1690.8857142857,298.5035971223,3940.9858156028004,4399.6086956521995,27090.9858156028,31.6062176166,61.0,116.0,744.0,860.0,0.0
458071.0,25000.0,9.0,41.0,26.0,1.0,722.0,1.0,27.0,2.0,4.0,3.0,1.0,1.0,1106.0,416.0,14.0,560.0,10.14,18.32,4517.0,614.0,85.0,2366.0,28400.0,4517.0,31.7699115044,718.0,4552.0,6065.0,10617.0,1.0
81329.0,20000.0,7.0,36.0,12.0,1.0,1419.0,182.0,7.0,1.0,1.0,3.0,0.0,0.0,0.0,44.0,10.0,241.0,7.44,4.07,27090.9858156028,1690.8857142857,298.5035971223,3940.9858156028004,4399.6086956521995,27090.9858156028,29.8507462687,100.0,942.0,2795.0,3737.0,0.0
145230.0,25000.0,15.0,28.0,49.0,1.0,2133.0,74.0,16.0,3.0,3.0,1.0,1.0,1.0,713.0,78.0,12.0,444.0,8.81,5.81,2532.0,1999.0,88.0,2326.0,3373.0,2532.0,33.2558139535,143.0,225.0,788.0,1013.0,0.0
44109.0,10000.0,3.0,12.0,8.0,1.0,310.0,0.0,20.0,1.0,1.0,3.0,1.0,1.0,1254.0,10.0,15.0,453.0,9.91,4.41,27090.9858156028,1690.8857142857,298.5035971223,3940.9858156028004,4399.6086956521995,27090.9858156028,17.6470588235,9.0,393.0,710.0,1103.0,1.0
136053.0,25000.0,9.0,38.0,40.0,4.0,1012.0,0.0,15.0,2.0,3.0,1.0,1.0,0.0,0.0,147.0,11.0,274.0,7.64,5.44,27090.9858156028,1690.8857142857,298.5035971223,3940.9858156028004,4399.6086956521995,27090.9858156028,27.3946360153,143.0,195.0,1192.0,1387.0,0.0
54467.0,25000.0,5.0,47.0,22.0,3.0,2278.0,0.0,25.0,3.0,3.0,3.0,1.0,0.0,0.0,73.0,9.0,262.0,10.77,2.18,27090.9858156028,1690.8857142857,298.5035971223,3940.9858156028004,4399.6086956521995,27090.9858156028,30.8755760369,67.0,231.0,1639.0,1870.0,1.0
13187.0,10000.0,0.0,8.0,0.0,1.0,1482.0,0.0,8.0,1.0,2.0,3.0,0.0,1.0,4998.0,0.0,7.0,344.0,14.72,1.32,27090.9858156028,1690.8857142857,298.5035971223,3940.9858156028004,4399.6086956521995,27090.9858156028,25.0,1.0,95.0,137.0,232.0,1.0
41209.0,20000.0,1.0,17.0,9.0,1.0,567.0,4.0,49.0,2.0,3.0,0.0,0.0,1.0,654.0,20.0,6.0,209.0,8.75,2.06,27090.9858156028,1690.8857142857,298.5035971223,3940.9858156028004,4399.6086956521995,27090.9858156028,24.657534246599997,18.0,347.0,319.0,666.0,1.0
6689.0,6000.0,0.0,10.0,13.0,1.0,1553.0,0.0,18.0,13.0,3.0,3.0,1.0,1.0,2062.0,0.0,17.0,644.0,10.72,1.11,3281.0,856.0,236.0,8786.0,2232.0,3281.0,100.0,2.0,43.0,232.0,275.0,1.0
6256.0,1.0,0.0,13.0,7.0,1.0,788.0,21.0,11.0,2.0,3.0,0.0,1.0,0.0,0.0,0.0,2.0,66.0,13.05,6256.0,994.0,1651.0,13.0,440.0,83.0,994.0,100.0,1.0,41.0,67.0,108.0,1.0
107662.0,10000.0,0.0,15.0,15.0,1.0,772.0,0.0,9.0,2.0,3.0,3.0,1.0,1.0,729.0,1.0,74.0,3926.0,11.02,10.77,1786.0,465.0,12.0,611.0,456.0,1786.0,32.8395061728,133.0,737.0,1412.0,2149.0,1.0
24398.0,20000.0,4.0,6.0,13.0,1.0,962.0,1.0,33.0,3.0,1.0,1.0,1.0,0.0,0.0,38.0,11.0,446.0,9.74,1.22,27090.9858156028,1690.8857142857,298.5035971223,3940.9858156028004,4399.6086956521995,27090.9858156028,35.8974358974,56.0,28.0,289.0,317.0,0.0
72256.0,10000.0,0.0,17.0,64.0,1.0,1494.0,0.0,10.0,3.0,9.0,0.0,1.0,0.0,0.0,68.0,16.0,457.0,2.46,7.23,3728.0,2497.0,80.0,1816.0,6154.0,3728.0,34.375,77.0,73.0,1916.0,1989.0,1.0
108667.0,80000.0,0.0,18.0,15.0,1.0,667.0,2.0,3.0,2.0,1.0,10.0,1.0,1.0,358.0,70.0,15.0,483.0,9.99,1.36,27090.9858156028,1690.8857142857,298.5035971223,3940.9858156028004,4399.6086956521995,27090.9858156028,33.1444759207,117.0,237.0,2414.0,2651.0,1.0
11185.0,11000.0,0.0,0.0,6.0,1.0,1529.0,1.0,3.0,1.0,1.0,3.0,1.0,0.0,0.0,0.0,12.0,766.0,7.43,1.02,27090.9858156028,1690.8857142857,298.5035971223,3940.9858156028004,4399.6086956521995,27090.9858156028,0.0,0.0,17.0,14.0,31.0,1.0
30074.0,20000.0,0.0,36.0,19.0,1.0,1810.0,2.0,9.0,1.0,4.0,10.0,0.0,1.0,685.0,2.0,12.0,469.0,12.01,1.5,155.0,132.0,31.0,238.0,41.0,155.0,16.6666666667,2.0,143.0,216.0,359.0,1.0
57754.0,50000.0,22.0,17.0,16.0,2.0,1469.0,5.0,6.0,2.0,3.0,3.0,1.0,1.0,222.0,17.0,9.0,259.0,8.81,1.16,67.0,151.0,6.0,294.0,52.0,67.0,40.0,16.0,103.0,85.0,188.0,0.0
25938.0,16000.0,0.0,0.0,3.0,1.0,606.0,2.0,5.0,2.0,1.0,1.0,0.0,0.0,0.0,0.0,10.0,145.0,13.5,1.62,27090.9858156028,1690.8857142857,298.5035971223,3940.9858156028004,4399.6086956521995,27090.9858156028,0.0,0.0,62.0,150.0,212.0,1.0
37184.0,7000.0,3.0,13.0,9.0,6.0,1646.0,8.0,27.0,5.0,3.0,3.0,1.0,1.0,566.0,34.0,4.0,91.0,9.89,5.31,27090.9858156028,1690.8857142857,298.5035971223,3940.9858156028004,4399.6086956521995,27090.9858156028,37.603305785100005,91.0,172.0,982.0,1154.0,1.0
41209.0,20000.0,1.0,17.0,9.0,1.0,567.0,4.0,49.0,2.0,3.0,3.0,0.0,1.0,654.0,20.0,6.0,209.0,8.75,2.06,27090.9858156028,1690.8857142857,298.5035971223,3940.9858156028004,4399.6086956521995,27090.9858156028,24.657534246599997,18.0,347.0,319.0,666.0,1.0
30910.0,30000.0,0.0,8.0,3.0,1.0,718.0,0.0,7.0,2.0,1.0,3.0,0.0,1.0,1938.0,0.0,15.0,979.0,9.97,1.03,27090.9858156028,1690.8857142857,298.5035971223,3940.9858156028004,4399.6086956521995,27090.9858156028,12.5,1.0,202.0,401.0,603.0,1.0
6689.0,6000.0,0.0,10.0,13.0,1.0,1553.0,0.0,18.0,13.0,3.0,10.0,1.0,1.0,2062.0,0.0,17.0,644.0,10.72,1.11,3281.0,856.0,236.0,8786.0,2232.0,3281.0,100.0,2.0,43.0,232.0,275.0,1.0
22362.0,20000.0,5.0,16.0,2.0,1.0,590.0,1.0,19.0,3.0,2.0,0.0,0.0,0.0,0.0,2.0,8.0,410.0,14.0,1.12,7125.0,248.0,143.0,1319.0,110.0,7125.0,26.8292682927,11.0,329.0,368.0,697.0,1.0
108667.0,80000.0,0.0,18.0,15.0,1.0,667.0,2.0,3.0,2.0,1.0,3.0,1.0,1.0,358.0,70.0,15.0,483.0,9.99,1.36,27090.9858156028,1690.8857142857,298.5035971223,3940.9858156028004,4399.6086956521995,27090.9858156028,33.1444759207,117.0,237.0,2414.0,2651.0,1.0
1368177.0,200000.0,4.0,66.0,36.0,2.0,2842.0,220.0,2.0,1.0,2.0,5.0,1.0,1.0,868.0,263.0,6.0,472.0,9.56,6.84,27090.9858156028,1690.8857142857,298.5035971223,3940.9858156028004,4399.6086956521995,27090.9858156028,34.422403734,590.0,698.0,659.0,1357.0,0.0
42122.0,12000.0,4.0,25.0,11.0,1.0,591.0,1.0,5.0,1.0,1.0,3.0,1.0,1.0,106.0,5.0,9.0,599.0,10.9,3.51,27090.9858156028,1690.8857142857,298.5035971223,3940.9858156028004,4399.6086956521995,27090.9858156028,29.5454545455,13.0,62.0,189.0,251.0,1.0
14209.0,10000.0,0.0,27.0,32.0,0.0,447.0,0.0,32.0,15.0,1.0,10.0,1.0,0.0,0.0,23.0,25.0,307.0,7.97,1.42,27090.9858156028,1690.8857142857,298.5035971223,3940.9858156028004,4399.6086956521995,27090.9858156028,35.4545454545,39.0,5.0,310.0,315.0,1.0
193376.0,60000.0,10.0,46.0,20.0,2.0,2387.0,2.0,3.0,1.0,2.0,0.0,1.0,1.0,1215.0,104.0,14.0,348.0,9.91,3.22,27090.9858156028,1690.8857142857,298.5035971223,3940.9858156028004,4399.6086956521995,27090.9858156028,30.831099195700002,115.0,489.0,1691.0,2180.0,1.0
146313.0,79000.0,0.0,13.0,24.0,1.0,3329.0,1.0,22.0,3.0,3.0,3.0,1.0,1.0,139.0,24.0,13.0,697.0,14.33,1.85,35858.0,7257.0,943.0,15258.0,4272.0,35858.0,33.3333333333,26.0,410.0,1341.0,1751.0,1.0
6256.0,1.0,0.0,13.0,7.0,1.0,788.0,21.0,11.0,2.0,3.0,0.0,1.0,0.0,0.0,0.0,2.0,66.0,13.05,6256.0,994.0,1651.0,13.0,440.0,83.0,994.0,100.0,1.0,41.0,67.0,108.0,1.0
382027.0,100000.0,19.0,18.0,55.0,1.0,1046.0,53.0,2.0,1.0,1.0,3.0,1.0,0.0,0.0,47.0,7.0,178.0,7.66,3.82,27090.9858156028,1690.8857142857,298.5035971223,3940.9858156028004,4399.6086956521995,27090.9858156028,32.4278438031,191.0,122.0,272.0,394.0,0.0
30074.0,20000.0,0.0,36.0,19.0,1.0,1810.0,2.0,9.0,1.0,4.0,3.0,0.0,1.0,685.0,2.0,12.0,469.0,12.01,1.5,155.0,132.0,31.0,238.0,41.0,155.0,16.6666666667,2.0,143.0,216.0,359.0,1.0
11185.0,11000.0,0.0,0.0,6.0,1.0,1529.0,1.0,7.0,1.0,1.0,2.0,1.0,0.0,0.0,0.0,12.0,766.0,7.43,1.02,27090.9858156028,1690.8857142857,298.5035971223,3940.9858156028004,4399.6086956521995,27090.9858156028,0.0,0.0,17.0,14.0,31.0,1.0
107662.0,10000.0,0.0,15.0,15.0,1.0,772.0,0.0,9.0,2.0,3.0,3.0,1.0,1.0,729.0,1.0,74.0,3926.0,11.02,10.77,1786.0,465.0,12.0,611.0,456.0,1786.0,32.8395061728,133.0,737.0,1412.0,2149.0,1.0
187047.0,100000.0,0.0,18.0,18.0,1.0,2930.0,0.0,20.0,2.0,4.0,5.0,1.0,0.0,0.0,42.0,34.0,2709.0,8.45,1.87,27090.9858156028,1690.8857142857,298.5035971223,3940.9858156028004,4399.6086956521995,27090.9858156028,31.33640553,68.0,1547.0,1071.0,2618.0,1.0
3105473.0,2000000.0,24.0,48.0,13.0,1.0,2223.0,1.0,16.0,1.0,2.0,8.0,0.0,0.0,0.0,21.0,62.0,5333.0,8.76,1.55,1776817.0,205.0,7898.0,10937.0,7084.0,1776817.0,32.8644847173,1215.0,26596.0,19924.0,46520.0,1.0
23896.0,15000.0,1.0,9.0,26.0,1.0,641.0,1.0,57.0,11.0,2.0,2.0,1.0,1.0,1376.0,2.0,10.0,266.0,9.86,1.59,26233.0,579.0,961.0,81679.0,61447.0,26233.0,30.0,9.0,56.0,1508.0,1564.0,1.0
5413.0,5000.0,0.0,12.0,8.0,2.0,308.0,2.0,137.0,14.0,3.0,3.0,0.0,1.0,129.0,11.0,9.0,259.0,11.03,1.08,27090.9858156028,1690.8857142857,298.5035971223,3940.9858156028004,4399.6086956521995,27090.9858156028,29.0322580645,9.0,34.0,146.0,180.0,0.0
136053.0,25000.0,9.0,38.0,40.0,4.0,1012.0,0.0,15.0,2.0,3.0,8.0,1.0,0.0,0.0,147.0,11.0,274.0,7.64,5.44,27090.9858156028,1690.8857142857,298.5035971223,3940.9858156028004,4399.6086956521995,27090.9858156028,27.3946360153,143.0,195.0,1192.0,1387.0,0.0
2344134.0,30000.0,51.0,35.0,13.0,1.0,1572.0,1.0,7.0,2.0,1.0,0.0,1.0,0.0,0.0,0.0,18.0,778.0,10.49,78.14,27090.9858156028,1690.8857142857,298.5035971223,3940.9858156028004,4399.6086956521995,27090.9858156028,36.0,18.0,11672.0,14785.0,26457.0,0.0
27076.0,15000.0,1.0,12.0,19.0,1.0,1058.0,6.0,2.0,1.0,2.0,3.0,1.0,0.0,0.0,3.0,17.0,676.0,12.4,1.81,27090.9858156028,1690.8857142857,298.5035971223,3940.9858156028004,4399.6086956521995,27090.9858156028,14.2857142857,1.0,52.0,15.0,67.0,1.0
1874.0,1200.0,0.0,3.0,5.0,1.0,1582.0,0.0,5.0,1.0,3.0,2.0,0.0,1.0,551.0,5.0,10.0,364.0,9.15,1.56,27090.9858156028,1690.8857142857,298.5035971223,3940.9858156028004,4399.6086956521995,27090.9858156028,21.7391304348,5.0,13.0,111.0,124.0,1.0
24242.0,23400.0,8.0,13.0,25.0,3.0,848.0,1.0,1.0,1.0,5.0,10.0,1.0,1.0,565.0,4.0,9.0,130.0,10.1,1.04,488.0,1035.0,18.0,139.0,13.0,488.0,38.4615384615,5.0,49.0,64.0,113.0,1.0
37214.0,35000.0,1.0,9.0,4.0,1.0,1077.0,0.0,19.0,1.0,3.0,8.0,0.0,1.0,612.0,2.0,12.0,941.0,11.31,1.06,27090.9858156028,1690.8857142857,298.5035971223,3940.9858156028004,4399.6086956521995,27090.9858156028,25.0,2.0,156.0,475.0,631.0,0.0
33923.0,15000.0,7.0,15.0,8.0,1.0,1044.0,11.0,5.0,3.0,5.0,3.0,1.0,0.0,0.0,63.0,9.0,357.0,8.2,2.26,27090.9858156028,1690.8857142857,298.5035971223,3940.9858156028004,4399.6086956521995,27090.9858156028,39.0804597701,68.0,102.0,464.0,566.0,1.0
35028.0,30000.0,3.0,14.0,33.0,1.0,1023.0,0.0,38.0,1.0,1.0,0.0,1.0,1.0,870.0,21.0,14.0,631.0,11.13,1.17,27090.9858156028,1690.8857142857,298.5035971223,3940.9858156028004,4399.6086956521995,27090.9858156028,31.4285714286,22.0,108.0,404.0,512.0,1.0
7844.0,5000.0,0.0,19.0,6.0,1.0,1041.0,12.0,4.0,3.0,1.0,3.0,1.0,1.0,462.0,10.0,3.0,118.0,9.73,1.57,27090.9858156028,1690.8857142857,298.5035971223,3940.9858156028004,4399.6086956521995,27090.9858156028,32.6923076923,17.0,7.0,131.0,138.0,1.0
38668.0,35000.0,0.0,9.0,58.0,1.0,2539.0,2.0,2.0,1.0,1.0,10.0,1.0,0.0,0.0,6.0,14.0,623.0,12.85,1.1,27090.9858156028,1690.8857142857,298.5035971223,3940.9858156028004,4399.6086956521995,27090.9858156028,33.3333333333,8.0,113.0,102.0,215.0,0.0
443806.0,80000.0,3.0,7.0,13.0,1.0,1959.0,0.0,2.0,1.0,4.0,1.0,1.0,0.0,0.0,10.0,12.0,503.0,10.59,5.55,8035.0,651.0,87.0,2238.0,652.0,8035.0,41.2698412698,26.0,396.0,334.0,730.0,0.0
121084.0,100000.0,2.0,59.0,3.0,1.0,862.0,1.0,3.0,1.0,4.0,3.0,0.0,0.0,0.0,61.0,61.0,4374.0,8.3,1.21,5447.0,483.0,128.0,855.0,1004.0,5447.0,29.8969072165,87.0,886.0,448.0,1334.0,0.0
21091.0,7777.0,1.0,14.0,31.0,1.0,582.0,6.0,14.0,1.0,5.0,0.0,1.0,0.0,0.0,20.0,10.0,333.0,10.28,2.71,1512.0,1149.0,120.0,1535.0,1435.0,1512.0,24.0,12.0,195.0,131.0,326.0,1.0
41209.0,20000.0,1.0,17.0,9.0,1.0,567.0,4.0,49.0,2.0,3.0,8.0,0.0,1.0,654.0,20.0,6.0,209.0,8.75,2.06,27090.9858156028,1690.8857142857,298.5035971223,3940.9858156028004,4399.6086956521995,27090.9858156028,24.657534246599997,18.0,347.0,319.0,666.0,1.0
41802.0,25000.0,2.0,23.0,6.0,1.0,1033.0,1.0,42.0,5.0,4.0,3.0,1.0,1.0,2154.0,10.0,7.0,193.0,11.41,1.67,884.0,1847.0,23.0,3014.0,2008.0,884.0,32.0,8.0,222.0,631.0,853.0,0.0
11305.0,10000.0,2.0,12.0,0.0,1.0,425.0,0.0,5.0,1.0,3.0,8.0,0.0,1.0,4585.0,3.0,14.0,278.0,6.56,1.13,715.0,497.0,21.0,1161.0,57.0,715.0,33.3333333333,5.0,84.0,32.0,116.0,1.0
24592.0,10000.0,0.0,17.0,11.0,1.0,1108.0,3.0,4.0,1.0,2.0,8.0,1.0,1.0,276.0,2.0,15.0,693.0,9.04,2.46,27090.9858156028,1690.8857142857,298.5035971223,3940.9858156028004,4399.6086956521995,27090.9858156028,17.8571428571,5.0,138.0,279.0,417.0,0.0
365662.0,50000.0,25.0,25.0,35.0,2.0,863.0,0.0,16.0,3.0,3.0,3.0,1.0,1.0,713.0,123.0,16.0,570.0,10.09,7.31,2532.0,1999.0,88.0,2326.0,3373.0,2532.0,34.1232227488,360.0,780.0,2036.0,2816.0,0.0
33923.0,15000.0,7.0,15.0,8.0,1.0,1044.0,11.0,5.0,3.0,5.0,5.0,1.0,0.0,0.0,63.0,9.0,357.0,8.2,2.26,27090.9858156028,1690.8857142857,298.5035971223,3940.9858156028004,4399.6086956521995,27090.9858156028,39.0804597701,68.0,102.0,464.0,566.0,1.0
458071.0,25000.0,9.0,41.0,26.0,1.0,722.0,1.0,27.0,2.0,4.0,2.0,1.0,1.0,1106.0,416.0,14.0,560.0,10.14,18.32,4517.0,614.0,85.0,2366.0,28400.0,4517.0,31.7699115044,718.0,4552.0,6065.0,10617.0,1.0
82005.0,50000.0,6.0,37.0,23.0,1.0,862.0,0.0,5.0,3.0,2.0,3.0,1.0,0.0,0.0,21.0,12.0,371.0,7.75,1.64,27090.9858156028,1690.8857142857,298.5035971223,3940.9858156028004,4399.6086956521995,27090.9858156028,30.8641975309,25.0,41.0,346.0,387.0,1.0
30074.0,20000.0,0.0,36.0,19.0,1.0,1810.0,2.0,9.0,1.0,4.0,3.0,0.0,1.0,685.0,2.0,12.0,469.0,12.01,1.5,155.0,132.0,31.0,238.0,41.0,155.0,16.6666666667,2.0,143.0,216.0,359.0,1.0
37828.0,35000.0,1.0,31.0,4.0,1.0,608.0,0.0,17.0,1.0,1.0,3.0,0.0,0.0,0.0,5.0,17.0,718.0,10.72,1.08,27090.9858156028,1690.8857142857,298.5035971223,3940.9858156028004,4399.6086956521995,27090.9858156028,25.5319148936,12.0,139.0,299.0,438.0,0.0
72256.0,10000.0,0.0,17.0,64.0,1.0,1494.0,0.0,10.0,3.0,9.0,0.0,1.0,0.0,0.0,68.0,16.0,457.0,2.46,7.23,3728.0,2497.0,80.0,1816.0,6154.0,3728.0,34.375,77.0,73.0,1916.0,1989.0,1.0
54693.0,2500.0,0.0,19.0,17.0,1.0,1143.0,46.0,42.0,3.0,3.0,3.0,1.0,0.0,0.0,44.0,12.0,635.0,10.03,21.88,18665.0,19132.0,119.0,2545.0,3210.0,18665.0,27.8846153846,29.0,169.0,488.0,657.0,1.0
58387.0,50000.0,0.0,22.0,16.0,1.0,486.0,30.0,31.0,1.0,2.0,0.0,1.0,1.0,381.0,59.0,11.0,236.0,11.6,1.17,27090.9858156028,1690.8857142857,298.5035971223,3940.9858156028004,4399.6086956521995,27090.9858156028,22.797927461100002,44.0,221.0,844.0,1065.0,0.0
46338.0,8000.0,3.0,17.0,0.0,1.0,524.0,2.0,58.0,1.0,5.0,0.0,0.0,0.0,0.0,12.0,13.0,553.0,13.93,5.79,27090.9858156028,1690.8857142857,298.5035971223,3940.9858156028004,4399.6086956521995,27090.9858156028,31.4285714286,22.0,283.0,1036.0,1319.0,1.0
65305.0,50000.0,0.0,13.0,9.0,1.0,715.0,0.0,2.0,1.0,1.0,3.0,1.0,0.0,0.0,0.0,40.0,2327.0,14.06,1.31,27090.9858156028,1690.8857142857,298.5035971223,3940.9858156028004,4399.6086956521995,27090.9858156028,29.0322580645,9.0,267.0,482.0,749.0,1.0
25905.0,24995.0,0.0,51.0,16.0,1.0,1065.0,0.0,10.0,5.0,4.0,10.0,1.0,1.0,569.0,36.0,28.0,897.0,11.13,1.04,87.0,370.0,9.0,441.0,110.0,87.0,38.172043010799996,71.0,54.0,656.0,710.0,0.0
13020.0,10000.0,0.0,26.0,22.0,1.0,650.0,41.0,54.0,2.0,4.0,10.0,1.0,1.0,229.0,18.0,4.0,118.0,5.89,1.3,603.0,627.0,38.0,1756.0,5749.0,603.0,31.746031746,20.0,89.0,411.0,500.0,1.0
20764.0,7000.0,1.0,8.0,12.0,1.0,826.0,0.0,1.0,1.0,4.0,0.0,1.0,0.0,0.0,19.0,11.0,870.0,10.21,2.97,3185.0,251.0,7.0,80.0,69.0,3185.0,30.9523809524,13.0,88.0,309.0,397.0,1.0
53717.0,35000.0,2.0,15.0,12.0,3.0,2371.0,1.0,2.0,2.0,1.0,3.0,1.0,0.0,0.0,12.0,12.0,562.0,12.59,1.53,27090.9858156028,1690.8857142857,298.5035971223,3940.9858156028004,4399.6086956521995,27090.9858156028,35.8490566038,19.0,117.0,441.0,558.0,1.0
41869.0,20000.0,2.0,23.0,14.0,1.0,834.0,1.0,14.0,2.0,3.0,10.0,1.0,0.0,0.0,92.0,11.0,471.0,10.22,2.09,27090.9858156028,1690.8857142857,298.5035971223,3940.9858156028004,4399.6086956521995,27090.9858156028,30.7392996109,79.0,316.0,733.0,1049.0,1.0
166140.0,50000.0,7.0,14.0,30.0,1.0,888.0,2.0,17.0,1.0,1.0,0.0,1.0,1.0,668.0,74.0,10.0,246.0,9.15,3.32,27090.9858156028,1690.8857142857,298.5035971223,3940.9858156028004,4399.6086956521995,27090.9858156028,30.1418439716,85.0,165.0,448.0,613.0,0.0
71281.0,30000.0,9.0,18.0,33.0,1.0,1444.0,0.0,2.0,2.0,1.0,1.0,1.0,0.0,0.0,17.0,7.0,212.0,9.94,2.38,27090.9858156028,1690.8857142857,298.5035971223,3940.9858156028004,4399.6086956521995,27090.9858156028,31.6062176166,61.0,116.0,744.0,860.0,0.0
27076.0,15000.0,1.0,12.0,19.0,1.0,1058.0,6.0,2.0,1.0,2.0,3.0,1.0,0.0,0.0,3.0,17.0,676.0,12.4,1.81,27090.9858156028,1690.8857142857,298.5035971223,3940.9858156028004,4399.6086956521995,27090.9858156028,14.2857142857,1.0,52.0,15.0,67.0,1.0
7190.0,5000.0,0.0,24.0,22.0,2.0,1020.0,9.0,8.0,2.0,6.0,10.0,1.0,1.0,323.0,1.0,10.0,170.0,8.15,1.44,27090.9858156028,1690.8857142857,298.5035971223,3940.9858156028004,4399.6086956521995,27090.9858156028,50.0,3.0,23.0,78.0,101.0,1.0
24229.0,22500.0,9.0,27.0,22.0,1.0,1274.0,2.0,8.0,1.0,1.0,10.0,1.0,0.0,0.0,18.0,11.0,448.0,11.66,1.08,27090.9858156028,1690.8857142857,298.5035971223,3940.9858156028004,4399.6086956521995,27090.9858156028,26.9230769231,14.0,66.0,93.0,159.0,1.0
193376.0,60000.0,10.0,46.0,20.0,2.0,2387.0,2.0,3.0,1.0,2.0,3.0,1.0,1.0,1215.0,104.0,14.0,348.0,9.91,3.22,27090.9858156028,1690.8857142857,298.5035971223,3940.9858156028004,4399.6086956521995,27090.9858156028,30.831099195700002,115.0,489.0,1691.0,2180.0,0.0
117660.0,34000.0,8.0,89.0,8.0,1.0,1622.0,0.0,11.0,1.0,1.0,3.0,0.0,1.0,25.0,26.0,35.0,1839.0,8.48,3.46,27090.9858156028,1690.8857142857,298.5035971223,3940.9858156028004,4399.6086956521995,27090.9858156028,31.040564373899997,176.0,694.0,3500.0,4194.0,1.0
326593.0,81000.0,0.0,19.0,2.0,3.0,3288.0,0.0,5.0,1.0,3.0,10.0,0.0,0.0,0.0,8.0,21.0,1275.0,9.34,4.03,27090.9858156028,1690.8857142857,298.5035971223,3940.9858156028004,4399.6086956521995,27090.9858156028,26.4285714286,111.0,2949.0,1956.0,4905.0,1.0
253578.0,70000.0,0.0,22.0,53.0,2.0,1849.0,0.0,21.0,3.0,1.0,1.0,1.0,1.0,1656.0,79.0,12.0,426.0,11.42,3.62,27090.9858156028,1690.8857142857,298.5035971223,3940.9858156028004,4399.6086956521995,27090.9858156028,33.8683788122,211.0,351.0,3070.0,3421.0,0.0
241204.0,50000.0,1.0,11.0,19.0,1.0,1101.0,8.0,25.0,2.0,1.0,3.0,1.0,1.0,377.0,51.0,10.0,344.0,13.44,4.82,27090.9858156028,1690.8857142857,298.5035971223,3940.9858156028004,4399.6086956521995,27090.9858156028,26.4534883721,91.0,295.0,1666.0,1961.0,1.0
16369.0,8500.0,3.0,20.0,0.0,1.0,1204.0,0.0,1.0,1.0,7.0,3.0,0.0,0.0,0.0,36.0,12.0,1083.0,10.96,1.93,27090.9858156028,1690.8857142857,298.5035971223,3940.9858156028004,4399.6086956521995,27090.9858156028,39.751552795,64.0,52.0,148.0,200.0,1.0
13079.0,5000.0,0.0,8.0,24.0,2.0,1064.0,0.0,4.0,2.0,5.0,10.0,1.0,1.0,433.0,19.0,13.0,420.0,10.59,2.62,810.0,1449.0,43.0,1331.0,9391.0,810.0,40.9090909091,18.0,227.0,159.0,386.0,1.0
19372.0,15000.0,1.0,17.0,20.0,1.0,1299.0,14.0,5.0,1.0,1.0,3.0,0.0,1.0,592.0,36.0,10.0,77.0,14.63,1.29,27090.9858156028,1690.8857142857,298.5035971223,3940.9858156028004,4399.6086956521995,27090.9858156028,41.0714285714,46.0,173.0,205.0,378.0,1.0
42141.0,42000.0,3.0,10.0,4.0,1.0,992.0,0.0,16.0,1.0,3.0,10.0,0.0,0.0,0.0,10.0,14.0,433.0,9.83,1.0,27090.9858156028,1690.8857142857,298.5035971223,3940.9858156028004,4399.6086956521995,27090.9858156028,34.6153846154,9.0,98.0,226.0,324.0,1.0
35588.0,20000.0,0.0,13.0,5.0,1.0,911.0,1.0,48.0,2.0,2.0,5.0,1.0,0.0,0.0,7.0,21.0,713.0,9.46,1.78,29066.0,1111.0,1057.0,488.0,12598.0,29066.0,27.7777777778,10.0,169.0,556.0,725.0,1.0
20574.0,8725.0,5.0,18.0,26.0,1.0,988.0,1.0,22.0,2.0,1.0,3.0,1.0,0.0,0.0,52.0,6.0,322.0,13.37,2.36,27090.9858156028,1690.8857142857,298.5035971223,3940.9858156028004,4399.6086956521995,27090.9858156028,39.4366197183,56.0,43.0,343.0,386.0,1.0
169522.0,75000.0,5.0,22.0,1.0,1.0,1159.0,0.0,27.0,1.0,4.0,0.0,0.0,1.0,994.0,10.0,20.0,801.0,11.9,2.26,2174.0,1589.0,67.0,1834.0,492.0,2174.0,32.8947368421,25.0,1212.0,2172.0,3384.0,1.0
55850.0,32000.0,24.0,19.0,23.0,4.0,1407.0,101.0,15.0,1.0,5.0,3.0,1.0,0.0,0.0,88.0,12.0,455.0,11.1,1.75,435.0,884.0,33.0,577.0,332.0,435.0,33.0578512397,80.0,316.0,650.0,966.0,0.0
115909.0,15000.0,0.0,17.0,49.0,1.0,1190.0,154.0,129.0,6.0,4.0,10.0,1.0,1.0,775.0,135.0,7.0,187.0,7.98,7.73,4039.0,5001.0,83.0,4723.0,2485.0,4039.0,27.1689497717,119.0,113.0,1389.0,1502.0,1.0
6225354.0,800000.0,26.0,52.0,13.0,2.0,4226.0,15.0,3.0,1.0,1.0,3.0,0.0,0.0,0.0,295.0,44.0,1500.0,16.03,7.78,27090.9858156028,1690.8857142857,298.5035971223,3940.9858156028004,4399.6086956521995,27090.9858156028,32.4411764706,5515.0,11689.0,6531.0,18220.0,0.0
19372.0,15000.0,1.0,17.0,20.0,1.0,1299.0,14.0,5.0,1.0,1.0,10.0,0.0,1.0,592.0,36.0,10.0,77.0,14.63,1.29,27090.9858156028,1690.8857142857,298.5035971223,3940.9858156028004,4399.6086956521995,27090.9858156028,41.0714285714,46.0,173.0,205.0,378.0,1.0
118505.0,85000.0,0.0,24.0,5.0,1.0,644.0,1.0,62.0,4.0,3.0,0.0,1.0,0.0,0.0,34.0,13.0,701.0,12.06,1.39,145649.0,468.0,2181.0,5914.0,510.0,145649.0,31.1926605505,34.0,1023.0,791.0,1814.0,1.0
37502.0,25000.0,2.0,13.0,31.0,3.0,1321.0,23.0,20.0,8.0,1.0,3.0,0.0,1.0,335.0,53.0,8.0,177.0,11.06,1.5,27090.9858156028,1690.8857142857,298.5035971223,3940.9858156028004,4399.6086956521995,27090.9858156028,33.519553072600004,60.0,78.0,477.0,555.0,0.0
53931.0,12500.0,0.0,41.0,38.0,2.0,1574.0,3.0,26.0,2.0,5.0,3.0,1.0,1.0,243.0,39.0,10.0,528.0,7.41,4.31,191.0,123.0,153.0,1859.0,136.0,191.0,28.0701754386,32.0,28.0,592.0,620.0,1.0
1016.0,50.0,0.0,16.0,9.0,1.0,932.0,0.0,294.0,7.0,5.0,8.0,1.0,1.0,477.0,1.0,9.0,285.0,8.48,20.32,1446.0,583.0,68.0,3292.0,789.0,1446.0,0.0,0.0,13.0,27.0,40.0,1.0
20447.0,18500.0,0.0,11.0,6.0,1.0,964.0,5.0,4.0,1.0,3.0,5.0,0.0,1.0,1087.0,0.0,12.0,793.0,12.3,1.11,1400.0,977.0,62.0,1533.0,529.0,1400.0,0.0,0.0,149.0,130.0,279.0,1.0
30074.0,20000.0,0.0,36.0,19.0,1.0,1810.0,2.0,9.0,1.0,4.0,10.0,0.0,1.0,685.0,2.0,12.0,469.0,12.01,1.5,155.0,132.0,31.0,238.0,41.0,155.0,16.6666666667,2.0,143.0,216.0,359.0,1.0
108195.0,50000.0,2.0,13.0,33.0,3.0,1077.0,14.0,4.0,1.0,2.0,10.0,0.0,1.0,1324.0,81.0,4.0,150.0,7.87,2.16,27090.9858156028,1690.8857142857,298.5035971223,3940.9858156028004,4399.6086956521995,27090.9858156028,38.5915492958,137.0,700.0,1047.0,1747.0,0.0
28801.0,22000.0,5.0,45.0,42.0,1.0,1528.0,8.0,33.0,3.0,3.0,1.0,1.0,0.0,0.0,79.0,11.0,714.0,7.24,1.31,535.0,1833.0,72.0,1309.0,180.0,535.0,31.603773584899997,67.0,84.0,679.0,763.0,0.0
15253.0,14000.0,0.0,4.0,7.0,1.0,1386.0,10.0,15.0,1.0,1.0,0.0,1.0,1.0,731.0,1.0,8.0,318.0,9.76,1.09,27090.9858156028,1690.8857142857,298.5035971223,3940.9858156028004,4399.6086956521995,27090.9858156028,66.6666666667,4.0,38.0,78.0,116.0,0.0
27076.0,15000.0,1.0,12.0,19.0,1.0,1058.0,6.0,2.0,1.0,2.0,10.0,1.0,0.0,0.0,3.0,17.0,676.0,12.4,1.81,27090.9858156028,1690.8857142857,298.5035971223,3940.9858156028004,4399.6086956521995,27090.9858156028,14.2857142857,1.0,52.0,15.0,67.0,1.0
107662.0,10000.0,0.0,15.0,15.0,1.0,772.0,0.0,9.0,2.0,3.0,10.0,1.0,1.0,729.0,1.0,74.0,3926.0,11.02,10.77,1786.0,465.0,12.0,611.0,456.0,1786.0,32.8395061728,133.0,737.0,1412.0,2149.0,1.0
19511.0,19000.0,0.0,21.0,28.0,6.0,2702.0,10.0,11.0,4.0,1.0,10.0,1.0,0.0,0.0,25.0,11.0,636.0,11.02,1.03,27090.9858156028,1690.8857142857,298.5035971223,3940.9858156028004,4399.6086956521995,27090.9858156028,33.5051546392,65.0,58.0,184.0,242.0,1.0
21444.0,10000.0,2.0,40.0,7.0,1.0,1276.0,5.0,56.0,1.0,3.0,3.0,0.0,0.0,0.0,12.0,7.0,198.0,10.37,2.14,2725.0,480.0,119.0,9807.0,11246.0,2725.0,34.0909090909,15.0,72.0,438.0,510.0,1.0
72657.0,34000.0,0.0,39.0,12.0,1.0,1240.0,22.0,2.0,2.0,6.0,1.0,1.0,1.0,331.0,66.0,9.0,336.0,8.09,2.14,27090.9858156028,1690.8857142857,298.5035971223,3940.9858156028004,4399.6086956521995,27090.9858156028,32.0930232558,69.0,250.0,1266.0,1516.0,1.0
458071.0,25000.0,9.0,41.0,26.0,1.0,722.0,1.0,27.0,2.0,4.0,1.0,1.0,1.0,1106.0,416.0,14.0,560.0,10.14,18.32,4517.0,614.0,85.0,2366.0,28400.0,4517.0,31.7699115044,718.0,4552.0,6065.0,10617.0,1.0
12060.0,12000.0,0.0,14.0,8.0,1.0,1995.0,0.0,2.0,1.0,3.0,3.0,1.0,0.0,0.0,8.0,11.0,320.0,6.97,1.01,27090.9858156028,1690.8857142857,298.5035971223,3940.9858156028004,4399.6086956521995,27090.9858156028,20.0,5.0,55.0,99.0,154.0,1.0
111889.0,50000.0,6.0,102.0,58.0,2.0,2814.0,2.0,154.0,9.0,6.0,10.0,1.0,1.0,1496.0,916.0,17.0,1314.0,11.67,2.24,2.0,1.0,298.5035971223,1.0,4399.6086956521995,2.0,30.622204148,753.0,42.0,643.0,685.0,1.0
458071.0,25000.0,9.0,41.0,26.0,1.0,722.0,1.0,27.0,2.0,4.0,3.0,1.0,1.0,1106.0,416.0,14.0,560.0,10.14,18.32,4517.0,614.0,85.0,2366.0,28400.0,4517.0,31.7699115044,718.0,4552.0,6065.0,10617.0,0.0
125032.0,20000.0,0.0,18.0,53.0,1.0,1505.0,2.0,20.0,5.0,4.0,10.0,0.0,0.0,0.0,40.0,8.0,170.0,6.82,6.25,554.0,1123.0,24.0,1658.0,27.0,554.0,21.0526315789,24.0,188.0,766.0,954.0,1.0
27076.0,15000.0,1.0,12.0,19.0,1.0,1058.0,6.0,2.0,1.0,2.0,0.0,1.0,0.0,0.0,3.0,17.0,676.0,12.4,1.81,27090.9858156028,1690.8857142857,298.5035971223,3940.9858156028004,4399.6086956521995,27090.9858156028,14.2857142857,1.0,52.0,15.0,67.0,1.0
10893.0,10000.0,0.0,20.0,14.0,6.0,1538.0,5.0,2.0,2.0,4.0,0.0,1.0,1.0,75.0,9.0,9.0,244.0,11.05,1.09,27090.9858156028,1690.8857142857,298.5035971223,3940.9858156028004,4399.6086956521995,27090.9858156028,38.7096774194,12.0,24.0,64.0,88.0,0.0
18140.0,15000.0,5.0,11.0,62.0,1.0,3470.0,0.0,1.0,2.0,3.0,10.0,1.0,0.0,0.0,5.0,82.0,3203.0,9.43,1.21,6309.0,1411.0,212.0,4545.0,4399.6086956521995,6309.0,43.5897435897,17.0,74.0,298.0,372.0,0.0
41099.0,5000.0,0.0,11.0,41.0,2.0,1195.0,0.0,9.0,2.0,3.0,3.0,1.0,1.0,729.0,9.0,13.0,440.0,8.95,8.22,1786.0,465.0,12.0,611.0,456.0,1786.0,34.722222222199996,25.0,115.0,410.0,525.0,1.0
21091.0,7777.0,1.0,14.0,31.0,1.0,582.0,6.0,14.0,1.0,5.0,3.0,1.0,0.0,0.0,20.0,10.0,333.0,10.28,2.71,1512.0,1149.0,120.0,1535.0,1435.0,1512.0,24.0,12.0,195.0,131.0,326.0,0.0
309323.0,100000.0,7.0,22.0,24.0,1.0,1035.0,0.0,12.0,1.0,3.0,1.0,1.0,1.0,1211.0,228.0,11.0,340.0,10.7,3.09,1179.0,182.0,72.0,1100.0,670.0,1179.0,30.8333333333,185.0,708.0,1865.0,2573.0,0.0
17007.0,10000.0,1.0,8.0,28.0,2.0,1807.0,0.0,6.0,1.0,1.0,10.0,1.0,1.0,663.0,4.0,12.0,675.0,9.49,1.7,27090.9858156028,1690.8857142857,298.5035971223,3940.9858156028004,4399.6086956521995,27090.9858156028,16.6666666667,2.0,163.0,196.0,359.0,1.0
458071.0,25000.0,9.0,41.0,26.0,1.0,722.0,1.0,27.0,2.0,4.0,3.0,1.0,1.0,1106.0,416.0,14.0,560.0,10.14,18.32,4517.0,614.0,85.0,2366.0,28400.0,4517.0,31.7699115044,718.0,4552.0,6065.0,10617.0,0.0
24945.0,20000.0,6.0,24.0,50.0,2.0,1039.0,2.0,10.0,1.0,3.0,10.0,0.0,1.0,869.0,18.0,11.0,167.0,13.46,1.25,27090.9858156028,1690.8857142857,298.5035971223,3940.9858156028004,4399.6086956521995,27090.9858156028,37.2549019608,19.0,4552.0,6065.0,10617.0,1.0
122264.0,50000.0,0.0,11.0,29.0,1.0,1555.0,207.0,90.0,4.0,1.0,3.0,1.0,1.0,317.0,87.0,19.0,658.0,9.91,2.45,27090.9858156028,1690.8857142857,298.5035971223,3940.9858156028004,4399.6086956521995,27090.9858156028,28.0,70.0,144.0,969.0,1113.0,1.0
168517.0,50000.0,1.0,24.0,6.0,1.0,2281.0,0.0,1.0,1.0,1.0,0.0,0.0,0.0,0.0,50.0,16.0,636.0,12.06,3.37,27090.9858156028,1690.8857142857,298.5035971223,3940.9858156028004,4399.6086956521995,27090.9858156028,30.701754385999998,105.0,1225.0,2081.0,3306.0,0.0
643030.0,500000.0,0.0,9.0,61.0,1.0,2088.0,3.0,22.0,2.0,3.0,8.0,1.0,1.0,2330.0,19.0,10.0,348.0,12.94,1.29,21293.0,5257.0,688.0,14774.0,10940.0,21293.0,30.3571428571,34.0,518.0,1881.0,2399.0,0.0
125386.0,20000.0,3.0,22.0,64.0,1.0,2859.0,3.0,41.0,2.0,2.0,8.0,1.0,1.0,2517.0,64.0,6.0,174.0,10.92,6.27,27090.9858156028,1690.8857142857,298.5035971223,3940.9858156028004,4399.6086956521995,27090.9858156028,29.022988505700003,202.0,130.0,3054.0,3184.0,0.0
9192055.0,20000.0,12.0,21.0,42.0,1.0,675.0,61.0,28.0,2.0,1.0,10.0,1.0,0.0,0.0,189.0,43.0,1568.0,10.44,459.6,27090.9858156028,1690.8857142857,298.5035971223,3940.9858156028004,4399.6086956521995,27090.9858156028,30.033898305100003,3544.0,20487.0,24462.0,44949.0,0.0
458071.0,25000.0,9.0,41.0,26.0,1.0,722.0,1.0,27.0,2.0,4.0,8.0,1.0,1.0,1106.0,416.0,14.0,560.0,10.14,18.32,4517.0,614.0,85.0,2366.0,28400.0,4517.0,31.7699115044,718.0,4552.0,6065.0,10617.0,0.0
125546.0,50000.0,14.0,31.0,18.0,4.0,1653.0,2.0,9.0,1.0,6.0,1.0,1.0,1.0,1514.0,36.0,15.0,409.0,10.14,2.51,4583.0,1749.0,445.0,4704.0,5437.0,4583.0,32.3529411765,33.0,324.0,493.0,817.0,0.0
76661.0,10000.0,15.0,29.0,47.0,1.0,974.0,76.0,19.0,3.0,4.0,8.0,1.0,0.0,0.0,64.0,7.0,208.0,7.56,7.67,27090.9858156028,1690.8857142857,298.5035971223,3940.9858156028004,4399.6086956521995,27090.9858156028,29.1545189504,100.0,271.0,1111.0,1382.0,0.0
53597.0,50000.0,3.0,18.0,32.0,1.0,825.0,7.0,1.0,1.0,2.0,3.0,1.0,0.0,0.0,29.0,8.0,164.0,12.78,1.07,27090.9858156028,1690.8857142857,298.5035971223,3940.9858156028004,4399.6086956521995,27090.9858156028,28.828828828800003,96.0,32.0,84.0,116.0,0.0
90522.0,50000.0,14.0,19.0,61.0,1.0,2084.0,3.0,4.0,1.0,1.0,3.0,1.0,1.0,1842.0,82.0,10.0,425.0,11.87,1.81,27090.9858156028,1690.8857142857,298.5035971223,3940.9858156028004,4399.6086956521995,27090.9858156028,34.3537414966,101.0,186.0,699.0,885.0,0.0
214259.0,10000.0,5.0,15.0,23.0,2.0,942.0,95.0,19.0,3.0,5.0,0.0,1.0,0.0,0.0,112.0,7.0,197.0,9.36,21.43,27090.9858156028,1690.8857142857,298.5035971223,3940.9858156028004,4399.6086956521995,27090.9858156028,33.8362068966,157.0,393.0,2785.0,3178.0,0.0
28801.0,22000.0,5.0,45.0,42.0,1.0,1528.0,8.0,33.0,3.0,3.0,0.0,1.0,0.0,0.0,79.0,11.0,714.0,7.24,1.31,535.0,1833.0,72.0,1309.0,180.0,535.0,31.603773584899997,67.0,84.0,679.0,763.0,0.0
90522.0,50000.0,14.0,19.0,61.0,1.0,2084.0,3.0,4.0,1.0,1.0,3.0,1.0,1.0,1842.0,82.0,10.0,425.0,11.87,1.81,27090.9858156028,1690.8857142857,298.5035971223,3940.9858156028004,4399.6086956521995,27090.9858156028,34.3537414966,101.0,186.0,699.0,885.0,0.0
41099.0,5000.0,0.0,11.0,41.0,2.0,1195.0,0.0,9.0,2.0,3.0,3.0,1.0,1.0,729.0,9.0,13.0,440.0,8.95,8.22,1786.0,465.0,12.0,611.0,456.0,1786.0,34.722222222199996,25.0,115.0,410.0,525.0,0.0
4207.0,4000.0,4.0,9.0,11.0,2.0,146.0,5.0,3.0,1.0,1.0,0.0,0.0,0.0,0.0,1.0,7.0,202.0,11.59,1.05,27090.9858156028,1690.8857142857,298.5035971223,3940.9858156028004,4399.6086956521995,27090.9858156028,55.5555555556,5.0,27.0,31.0,58.0,0.0
458071.0,25000.0,9.0,41.0,26.0,1.0,722.0,1.0,27.0,2.0,4.0,1.0,1.0,1.0,1106.0,416.0,14.0,560.0,10.14,18.32,4517.0,614.0,85.0,2366.0,28400.0,4517.0,31.7699115044,718.0,4552.0,6065.0,10617.0,0.0
76661.0,10000.0,15.0,29.0,47.0,1.0,974.0,76.0,19.0,3.0,3.0,3.0,1.0,0.0,0.0,64.0,7.0,208.0,7.56,7.67,27090.9858156028,1690.8857142857,298.5035971223,3940.9858156028004,4399.6086956521995,27090.9858156028,29.1545189504,100.0,271.0,1111.0,1382.0,0.0
50434.0,30000.0,0.0,65.0,30.0,1.0,913.0,1.0,36.0,8.0,2.0,1.0,1.0,1.0,250.0,90.0,20.0,847.0,11.46,1.68,27090.9858156028,1690.8857142857,298.5035971223,3940.9858156028004,4399.6086956521995,27090.9858156028,35.7575757576,118.0,66.0,492.0,558.0,0.0
66689.0,20000.0,11.0,31.0,9.0,1.0,760.0,1.0,4.0,1.0,1.0,10.0,0.0,0.0,0.0,105.0,7.0,273.0,12.99,3.33,27090.9858156028,1690.8857142857,298.5035971223,3940.9858156028004,4399.6086956521995,27090.9858156028,24.609375,63.0,752.0,796.0,1548.0,0.0
32534.0,25000.0,12.0,12.0,30.0,3.0,1348.0,1.0,3.0,1.0,4.0,3.0,1.0,0.0,0.0,7.0,11.0,307.0,10.72,1.3,539.0,1070.0,13.0,606.0,820.0,539.0,26.785714285700003,15.0,221.0,162.0,383.0,0.0
74031.0,54735.0,0.0,13.0,19.0,1.0,1842.0,0.0,7.0,1.0,2.0,8.0,1.0,1.0,688.0,2.0,16.0,660.0,11.3,1.35,27090.9858156028,1690.8857142857,298.5035971223,3940.9858156028004,4399.6086956521995,27090.9858156028,26.315789473699997,5.0,238.0,112.0,350.0,1.0
167570.0,40000.0,0.0,17.0,49.0,7.0,1409.0,0.0,5.0,3.0,1.0,2.0,1.0,0.0,0.0,71.0,12.0,603.0,8.9,4.19,27090.9858156028,1690.8857142857,298.5035971223,3940.9858156028004,4399.6086956521995,27090.9858156028,31.3008130081,77.0,150.0,706.0,856.0,1.0
62770.0,48500.0,0.0,22.0,5.0,1.0,517.0,0.0,17.0,2.0,1.0,10.0,1.0,0.0,0.0,27.0,13.0,322.0,11.79,1.29,27090.9858156028,1690.8857142857,298.5035971223,3940.9858156028004,4399.6086956521995,27090.9858156028,26.5873015873,67.0,1630.0,786.0,2416.0,1.0
28456.0,25000.0,16.0,22.0,47.0,2.0,2520.0,0.0,7.0,1.0,6.0,2.0,1.0,1.0,1928.0,1.0,21.0,2154.0,9.86,1.14,1795.0,4980.0,61.0,1914.0,4258.0,1795.0,33.3333333333,1.0,159.0,79.0,238.0,1.0
797979.0,90000.0,17.0,18.0,5.0,1.0,846.0,8.0,27.0,1.0,1.0,1.0,0.0,0.0,0.0,13.0,9.0,367.0,11.01,8.87,27090.9858156028,1690.8857142857,298.5035971223,3940.9858156028004,4399.6086956521995,27090.9858156028,50.9572901325,692.0,1572.0,1694.0,3266.0,1.0
57664.0,15000.0,1.0,30.0,27.0,1.0,1851.0,119.0,103.0,1.0,2.0,1.0,1.0,0.0,0.0,115.0,7.0,283.0,12.65,3.84,27090.9858156028,1690.8857142857,298.5035971223,3940.9858156028004,4399.6086956521995,27090.9858156028,25.684931506799998,75.0,82.0,850.0,932.0,1.0
268142.0,50000.0,4.0,20.0,26.0,2.0,777.0,1.0,1.0,1.0,5.0,3.0,1.0,0.0,0.0,70.0,14.0,556.0,9.72,5.36,937.0,609.0,66.0,1058.0,2283.0,937.0,24.5551601423,69.0,131.0,842.0,973.0,1.0
30678.0,30000.0,1.0,35.0,29.0,1.0,1555.0,1.0,6.0,1.0,2.0,3.0,1.0,1.0,675.0,10.0,12.0,302.0,11.08,1.02,27090.9858156028,1690.8857142857,298.5035971223,3940.9858156028004,4399.6086956521995,27090.9858156028,35.7142857143,10.0,96.0,49.0,145.0,1.0
125386.0,20000.0,3.0,22.0,64.0,1.0,2859.0,3.0,41.0,2.0,2.0,3.0,1.0,1.0,2517.0,64.0,6.0,174.0,10.92,6.27,27090.9858156028,1690.8857142857,298.5035971223,3940.9858156028004,4399.6086956521995,27090.9858156028,29.022988505700003,202.0,130.0,3054.0,3184.0,1.0
151436.0,50000.0,6.0,22.0,29.0,1.0,1533.0,4.0,27.0,1.0,1.0,10.0,1.0,1.0,196.0,126.0,12.0,436.0,7.89,3.03,27090.9858156028,1690.8857142857,298.5035971223,3940.9858156028004,4399.6086956521995,27090.9858156028,29.7597042514,161.0,224.0,1468.0,1692.0,0.0
39025.0,20000.0,0.0,8.0,37.0,2.0,884.0,1.0,13.0,1.0,1.0,3.0,1.0,0.0,0.0,5.0,10.0,524.0,10.38,1.95,27090.9858156028,1690.8857142857,298.5035971223,3940.9858156028004,4399.6086956521995,27090.9858156028,58.3333333333,14.0,105.0,89.0,194.0,1.0
167570.0,40000.0,0.0,17.0,49.0,7.0,1409.0,0.0,5.0,3.0,1.0,1.0,1.0,0.0,0.0,71.0,12.0,603.0,8.9,4.19,27090.9858156028,1690.8857142857,298.5035971223,3940.9858156028004,4399.6086956521995,27090.9858156028,31.3008130081,77.0,150.0,706.0,856.0,0.0
10091.0,8000.0,2.0,15.0,2.0,1.0,453.0,0.0,8.0,1.0,3.0,0.0,0.0,1.0,285.0,1.0,6.0,104.0,9.74,1.26,27090.9858156028,1690.8857142857,298.5035971223,3940.9858156028004,4399.6086956521995,27090.9858156028,0.0,0.0,46.0,29.0,75.0,1.0
58392.0,55000.0,7.0,10.0,11.0,1.0,895.0,3.0,20.0,1.0,3.0,3.0,1.0,1.0,716.0,1.0,12.0,463.0,12.48,1.06,1737.0,4563.0,28.0,1397.0,1718.0,1737.0,75.0,3.0,164.0,58.0,222.0,1.0
29792.0,10000.0,4.0,8.0,4.0,1.0,257.0,5.0,1.0,2.0,2.0,10.0,1.0,1.0,994.0,40.0,10.0,63.0,5.84,2.98,27090.9858156028,1690.8857142857,298.5035971223,3940.9858156028004,4399.6086956521995,27090.9858156028,30.2180685358,97.0,90.0,908.0,998.0,0.0
125386.0,20000.0,3.0,22.0,64.0,1.0,2859.0,3.0,41.0,2.0,2.0,3.0,1.0,1.0,2517.0,64.0,6.0,174.0,10.92,6.27,27090.9858156028,1690.8857142857,298.5035971223,3940.9858156028004,4399.6086956521995,27090.9858156028,29.022988505700003,202.0,130.0,3054.0,3184.0,0.0
125171.0,80000.0,30.0,16.0,44.0,1.0,1769.0,5.0,4.0,1.0,3.0,1.0,1.0,1.0,632.0,101.0,13.0,445.0,7.69,1.56,2832.0,2012.0,275.0,1088.0,1537.0,2832.0,36.7681498829,157.0,141.0,448.0,589.0,0.0
57365.0,50000.0,2.0,24.0,33.0,2.0,1643.0,1.0,31.0,1.0,1.0,3.0,0.0,0.0,0.0,112.0,10.0,394.0,9.79,1.15,27090.9858156028,1690.8857142857,298.5035971223,3940.9858156028004,4399.6086956521995,27090.9858156028,35.0168350168,104.0,210.0,425.0,635.0,0.0
125386.0,20000.0,3.0,22.0,64.0,1.0,2859.0,3.0,41.0,2.0,2.0,3.0,1.0,1.0,2517.0,64.0,6.0,174.0,10.92,6.27,27090.9858156028,1690.8857142857,298.5035971223,3940.9858156028004,4399.6086956521995,27090.9858156028,29.022988505700003,202.0,130.0,3054.0,3184.0,1.0
125171.0,80000.0,30.0,16.0,44.0,1.0,1769.0,5.0,4.0,1.0,3.0,0.0,1.0,1.0,632.0,101.0,13.0,445.0,7.69,1.56,2832.0,2012.0,275.0,1088.0,1537.0,2832.0,36.7681498829,157.0,141.0,448.0,589.0,0.0
58392.0,55000.0,7.0,10.0,11.0,1.0,895.0,3.0,20.0,1.0,3.0,3.0,1.0,1.0,716.0,1.0,12.0,463.0,12.48,1.06,1737.0,4563.0,28.0,1397.0,1718.0,1737.0,75.0,3.0,164.0,58.0,222.0,1.0
23026.0,20000.0,16.0,16.0,15.0,1.0,1424.0,0.0,5.0,1.0,1.0,3.0,1.0,0.0,0.0,14.0,17.0,2043.0,10.79,1.15,27090.9858156028,1690.8857142857,298.5035971223,3940.9858156028004,4399.6086956521995,27090.9858156028,34.1463414634,14.0,143.0,130.0,273.0,1.0
59850.0,40000.0,4.0,30.0,41.0,1.0,1339.0,4.0,12.0,1.0,3.0,3.0,1.0,1.0,1016.0,98.0,8.0,210.0,9.73,1.5,576.0,944.0,33.0,929.0,466.0,576.0,28.4584980237,72.0,171.0,243.0,414.0,0.0
57365.0,50000.0,2.0,24.0,33.0,2.0,1643.0,1.0,31.0,1.0,1.0,0.0,0.0,0.0,0.0,112.0,10.0,394.0,9.79,1.15,27090.9858156028,1690.8857142857,298.5035971223,3940.9858156028004,4399.6086956521995,27090.9858156028,35.0168350168,104.0,210.0,425.0,635.0,0.0
28456.0,25000.0,16.0,22.0,47.0,2.0,2520.0,0.0,7.0,1.0,6.0,3.0,1.0,1.0,1928.0,1.0,21.0,2154.0,9.86,1.14,1795.0,4980.0,61.0,1914.0,4258.0,1795.0,33.3333333333,1.0,159.0,79.0,238.0,0.0
242348.0,70000.0,17.0,41.0,42.0,4.0,1548.0,18.0,1.0,1.0,4.0,3.0,1.0,1.0,1024.0,191.0,9.0,361.0,10.32,3.46,230.0,373.0,7.0,580.0,515.0,230.0,32.0083682008,153.0,184.0,335.0,519.0,1.0
57664.0,15000.0,1.0,30.0,27.0,1.0,1851.0,119.0,103.0,1.0,2.0,10.0,1.0,0.0,0.0,115.0,7.0,283.0,12.65,3.84,27090.9858156028,1690.8857142857,298.5035971223,3940.9858156028004,4399.6086956521995,27090.9858156028,25.684931506799998,75.0,82.0,850.0,932.0,1.0
3321.0,3000.0,0.0,7.0,4.0,1.0,993.0,4.0,2.0,2.0,1.0,8.0,0.0,1.0,1451.0,10.0,8.0,147.0,5.89,1.11,27090.9858156028,1690.8857142857,298.5035971223,3940.9858156028004,4399.6086956521995,27090.9858156028,31.818181818200003,7.0,20.0,67.0,87.0,1.0
797979.0,90000.0,17.0,18.0,5.0,1.0,846.0,8.0,27.0,1.0,1.0,0.0,0.0,0.0,0.0,13.0,9.0,367.0,11.01,8.87,27090.9858156028,1690.8857142857,298.5035971223,3940.9858156028004,4399.6086956521995,27090.9858156028,50.9572901325,692.0,1572.0,1694.0,3266.0,1.0
58392.0,55000.0,7.0,10.0,11.0,1.0,895.0,3.0,20.0,1.0,3.0,0.0,1.0,1.0,716.0,1.0,12.0,463.0,12.48,1.06,1737.0,4563.0,28.0,1397.0,1718.0,1737.0,75.0,3.0,164.0,58.0,222.0,1.0
58392.0,55000.0,7.0,10.0,11.0,1.0,895.0,3.0,20.0,1.0,3.0,2.0,1.0,1.0,716.0,1.0,12.0,463.0,12.48,1.06,1737.0,4563.0,28.0,1397.0,1718.0,1737.0,75.0,3.0,164.0,58.0,222.0,1.0
101237.0,100000.0,11.0,32.0,22.0,1.0,2416.0,1.0,2.0,2.0,1.0,3.0,1.0,1.0,337.0,42.0,19.0,644.0,10.67,1.01,27090.9858156028,1690.8857142857,298.5035971223,3940.9858156028004,4399.6086956521995,27090.9858156028,34.4537815126,41.0,106.0,223.0,329.0,0.0
125546.0,50000.0,14.0,31.0,18.0,4.0,1653.0,2.0,9.0,1.0,6.0,3.0,1.0,1.0,1514.0,36.0,15.0,409.0,10.14,2.51,4583.0,1749.0,445.0,4704.0,5437.0,4583.0,32.3529411765,33.0,324.0,493.0,817.0,1.0
58392.0,55000.0,7.0,10.0,11.0,1.0,895.0,3.0,20.0,1.0,3.0,10.0,1.0,1.0,716.0,1.0,12.0,463.0,12.48,1.06,1737.0,4563.0,28.0,1397.0,1718.0,1737.0,75.0,3.0,164.0,58.0,222.0,1.0
56624.0,25000.0,2.0,40.0,54.0,1.0,3610.0,1.0,126.0,2.0,1.0,3.0,1.0,1.0,770.0,176.0,9.0,947.0,11.65,2.26,27090.9858156028,1690.8857142857,298.5035971223,3940.9858156028004,4399.6086956521995,27090.9858156028,29.6019900498,238.0,21.0,942.0,963.0,1.0
563721.0,10000.0,7.0,29.0,17.0,1.0,1161.0,0.0,1.0,1.0,1.0,0.0,0.0,1.0,268.0,123.0,11.0,288.0,10.53,56.37,27090.9858156028,1690.8857142857,298.5035971223,3940.9858156028004,4399.6086956521995,27090.9858156028,30.8026030369,710.0,954.0,3716.0,4670.0,0.0
